{
  "tail": {
    "A": {
      "n": 235,
      "alpha": 1.3415203095495225,
      "alpha_se": 0.02420973285682854,
      "xmin": 23.0,
      "n_tail": 199,
      "LR_powerlaw_vs_lognormal": -1.9553309949920121,
      "p_powerlaw_vs_lognormal": 0.05054401507771285,
      "LR_pl_vs_truncated_pl": -6.767891924066131,
      "p_pl_vs_truncated_pl": 0.00023405760710959456
    },
    "B": {
      "n": 538,
      "alpha": 1.4583109549679456,
      "alpha_se": 0.021974328357585043,
      "xmin": 22.0,
      "n_tail": 435,
      "LR_powerlaw_vs_lognormal": -2.8974887214923446,
      "p_powerlaw_vs_lognormal": 0.003761632632708815,
      "LR_pl_vs_truncated_pl": -14.810658777452575,
      "p_pl_vs_truncated_pl": 5.2524103955065016e-08
    },
    "R": {
      "n": 466,
      "alpha": 1.472797126822028,
      "alpha_se": 0.025164451923262714,
      "xmin": 22.0,
      "n_tail": 353,
      "LR_powerlaw_vs_lognormal": -1.4933592587016908,
      "p_powerlaw_vs_lognormal": 0.1353431714918783,
      "LR_pl_vs_truncated_pl": -4.801086242682255,
      "p_pl_vs_truncated_pl": 0.0019434730075864604
    },
    "alpha_diffs": {
      "A_minus_B": {
        "point": -0.1167906454184231,
        "ci95": [
          -0.43619165188361203,
          0.22147804385457778
        ],
        "n_boot": 500
      },
      "A_minus_R": {
        "point": -0.1312768172725054,
        "ci95": [
          -0.2574237725861572,
          0.2758812452996928
        ],
        "n_boot": 500
      },
      "R_minus_B": {
        "point": 0.014486171854082297,
        "ci95": [
          -0.30480510899837066,
          0.12066815367063086
        ],
        "n_boot": 500
      }
    },
    "alpha_diff_A_minus_B": {
      "point": -0.1167906454184231,
      "ci95": [
        -0.43619165188361203,
        0.22147804385457778
      ],
      "n_boot": 500
    }
  },
  "middle": {
    "A": {
      "n": 235,
      "middle_n": 60,
      "middle_share": 0.2553191489361702,
      "dip_stat": 0.02040673013228943,
      "dip_p": 0.7606642492936947
    },
    "B": {
      "n": 538,
      "middle_n": 161,
      "middle_share": 0.2992565055762082,
      "dip_stat": 0.01823429191017835,
      "dip_p": 0.2669902146734361
    },
    "R": {
      "n": 466,
      "middle_n": 122,
      "middle_share": 0.26180257510729615,
      "dip_stat": 0.015021459227467811,
      "dip_p": 0.724799199000985
    },
    "middle_share_tests": {
      "A_vs_B": {
        "chi2": 1.3388349647564155,
        "chi2_p": 0.24723952904348906,
        "fisher_odds_ratio": 0.8028393966282165,
        "fisher_p": 0.2265381422878106
      },
      "A_vs_R": {
        "chi2": 0.00875836988834154,
        "chi2_p": 0.9254379017661009,
        "fisher_odds_ratio": 0.9667447306791569,
        "fisher_p": 0.9273228835127905
      },
      "R_vs_B": {
        "chi2": 1.550429103638733,
        "chi2_p": 0.21307210474027868,
        "fisher_odds_ratio": 0.8304564495161058,
        "fisher_p": 0.20561271644994905
      }
    },
    "middle_share_test": {
      "chi2": 1.3388349647564155,
      "chi2_p": 0.24723952904348906,
      "fisher_odds_ratio": 0.8028393966282165,
      "fisher_p": 0.2265381422878106
    }
  },
  "concentration": {
    "A": {
      "n": 235,
      "median": 113.0,
      "mean": 12074.817021276596,
      "geomean": 251.73679481672679,
      "mean_over_median": 106.85678779890793,
      "gini": 0.9456064188423415,
      "gini_ci": [
        0.8910046187544868,
        0.9630487585827127
      ],
      "top1_share": 0.605811215323469,
      "top1_ci": [
        0.2635674468955582,
        0.7651283461980721
      ],
      "top5_share": 0.8560714721195722,
      "top5_ci": [
        0.6623814610452952,
        0.9248611264747084
      ],
      "n_full": 327,
      "early_death_n": 92,
      "early_death_rate": 0.28134556574923547
    },
    "B": {
      "n": 538,
      "median": 72.0,
      "mean": 1200.8457249070632,
      "geomean": 116.44094218659826,
      "mean_over_median": 16.678412845931433,
      "gini": 0.8842983663014639,
      "gini_ci": [
        0.8550532809372515,
        0.9026088149592875
      ],
      "top1_share": 0.34749208658705527,
      "top1_ci": [
        0.2558468353932755,
        0.41401268047728196
      ],
      "top5_share": 0.7049183119084288,
      "top5_ci": [
        0.6169714794736618,
        0.7689547241967278
      ],
      "n_full": 747,
      "early_death_n": 209,
      "early_death_rate": 0.2797858099062918
    },
    "R": {
      "n": 466,
      "median": 56.0,
      "mean": 2020.5171673819743,
      "geomean": 97.12530441451733,
      "mean_over_median": 36.08066370324954,
      "gini": 0.9345716083308336,
      "gini_ci": [
        0.898891648152332,
        0.948281212428156
      ],
      "top1_share": 0.5121378221910211,
      "top1_ci": [
        0.3143774336581317,
        0.625092173587797
      ],
      "top5_share": 0.8566051482591144,
      "top5_ci": [
        0.7577407504063893,
        0.9055733509099081
      ],
      "n_full": 694,
      "early_death_n": 228,
      "early_death_rate": 0.3285302593659942
    },
    "early_death_tests": {
      "A_vs_B": {
        "chi2": 0.0,
        "p": 1.0
      },
      "A_vs_R": {
        "chi2": 2.08563329202803,
        "p": 0.14869054773924398
      },
      "R_vs_B": {
        "chi2": 3.8181594527151104,
        "p": 0.05069990225712193
      }
    },
    "early_death_test": {
      "chi2": 0.0,
      "p": 1.0
    }
  },
  "robustness": {
    "price_bands": {},
    "years": {},
    "alt_B": {
      "broad_or_sr_adv_puz": {
        "n": 1275,
        "alpha": 1.5293106546579693,
        "alpha_se": 0.01644488188133822,
        "xmin": 17.0,
        "gini": 0.8973616323458107
      },
      "adventure_only": {
        "n": 944,
        "alpha": 1.5093690326553961,
        "alpha_se": 0.018488924556679182,
        "xmin": 18.0,
        "gini": 0.8977308958479177
      },
      "puzzle_only": {
        "n": 493,
        "alpha": 1.6307861419687146,
        "alpha_se": 0.0337169375367411,
        "xmin": 21.0,
        "gini": 0.9026642906637096
      },
      "A_reference": {
        "n": 235,
        "alpha": 1.3415203095495225,
        "alpha_se": 0.02420973285682854,
        "xmin": 23.0,
        "gini": 0.9456064188423415
      }
    }
  },
  "window_sensitivity": {
    "primary_window": "2022-01-01..2025-06-30",
    "extended_window": "2022-01-01..2025-12-31",
    "h2_2025_games": 21,
    "primary": {
      "A": {
        "n": 145,
        "n_full": 186,
        "median": 199.0,
        "geomean": 403.82924460598156,
        "gini": 0.9299907257332005,
        "middle_share": 0.2413793103448276,
        "early_death_rate": 0.22043010752688172,
        "alpha": 1.2837195358688387,
        "alpha_se": 0.0239786772889149
      },
      "B": {
        "n": 732,
        "n_full": 1168,
        "median": 40.5,
        "geomean": 78.84440623234447,
        "gini": 0.9060580630048701,
        "middle_share": 0.20218579234972678,
        "early_death_rate": 0.3732876712328767,
        "alpha": 1.4876244946851371,
        "alpha_se": 0.018577013740159725
      },
      "R": {
        "n": 258,
        "n_full": 368,
        "median": 65.5,
        "geomean": 128.3063239855025,
        "gini": 0.9203670964325832,
        "middle_share": 0.2596899224806202,
        "early_death_rate": 0.29891304347826086,
        "alpha": 1.4073024155961944,
        "alpha_se": 0.02640149424012444
      }
    },
    "extended": {
      "A": {
        "n": 150,
        "n_full": 191,
        "median": 207.0,
        "geomean": 421.73825920680895,
        "gini": 0.9267147550567554,
        "middle_share": 0.24,
        "early_death_rate": 0.21465968586387435,
        "alpha": 1.2804937994392358,
        "alpha_se": 0.023293742170430034
      },
      "B": {
        "n": 739,
        "n_full": 1178,
        "median": 41.0,
        "geomean": 79.63942836070257,
        "gini": 0.9052936362391422,
        "middle_share": 0.20568335588633288,