{
  "tail": {
    "A": {
      "n": 91,
      "alpha": 1.8112827685529138,
      "alpha_se": 0.16916415111941224,
      "xmin": 12217.0,
      "n_tail": 23,
      "LR_powerlaw_vs_lognormal": -0.23892139649589228,
      "p_powerlaw_vs_lognormal": 0.8111665339576472,
      "LR_pl_vs_truncated_pl": -0.209225098018754,
      "p_pl_vs_truncated_pl": 0.5177113810122677
    },
    "B": {
      "n": 418,
      "alpha": 1.4416157479000073,
      "alpha_se": 0.02160013228701311,
      "xmin": 10.0,
      "n_tail": 418,
      "LR_powerlaw_vs_lognormal": -1.2727952595265584,
      "p_powerlaw_vs_lognormal": 0.2030907037923172,
      "LR_pl_vs_truncated_pl": -7.1285119582091205,
      "p_pl_vs_truncated_pl": 0.00015946457280935356
    },
    "R": {
      "n": 93,
      "alpha": 1.4092546563115702,
      "alpha_se": 0.044131064536496685,
      "xmin": 17.0,
      "n_tail": 86,
      "LR_powerlaw_vs_lognormal": -0.5502750907370045,
      "p_powerlaw_vs_lognormal": 0.5821307064964311,
      "LR_pl_vs_truncated_pl": -1.342400617684922,
      "p_pl_vs_truncated_pl": 0.1013098662749714
    },
    "alpha_diffs": {
      "A_minus_B": {
        "point": 0.36966702065290646,
        "ci95": [
          -0.21952090577903208,
          1.0548190453576234
        ],
        "n_boot": 500
      },
      "A_minus_R": {
        "point": 0.4020281122413436,
        "ci95": [
          -0.22739730471582104,
          1.0692710153026914
        ],
        "n_boot": 500
      },
      "R_minus_B": {
        "point": -0.03236109158843714,
        "ci95": [
          -0.12816805220013,
          0.1235901535802521
        ],
        "n_boot": 500
      }
    },
    "alpha_diff_A_minus_B": {
      "point": 0.36966702065290646,
      "ci95": [
        -0.21952090577903208,
        1.0548190453576234
      ],
      "n_boot": 500
    }
  },
  "middle": {
    "A": {
      "n": 91,
      "middle_n": 17,
      "middle_share": 0.18681318681318682,
      "dip_stat": 0.057527727798748714,
      "dip_p": 0.02414908643940883
    },
    "B": {
      "n": 418,
      "middle_n": 73,
      "middle_share": 0.17464114832535885,
      "dip_stat": 0.0171583272570532,
      "dip_p": 0.5807853849637703
    },
    "R": {
      "n": 93,
      "middle_n": 31,
      "middle_share": 0.3333333333333333,
      "dip_stat": 0.030526833969562805,
      "dip_p": 0.8109804393323102
    },
    "middle_share_tests": {
      "A_vs_B": {
        "chi2": 0.015426084090510583,
        "chi2_p": 0.9011555067482591,
        "fisher_odds_ratio": 1.0857089966679008,
        "fisher_p": 0.7632441128405869
      },
      "A_vs_R": {
        "chi2": 4.389318672051121,
        "chi2_p": 0.036164762526381504,
        "fisher_odds_ratio": 0.4594594594594595,
        "fisher_p": 0.029071117180766843
      },
      "R_vs_B": {
        "chi2": 10.859832418659497,
        "chi2_p": 0.0009827258727069586,
        "fisher_odds_ratio": 2.363013698630137,
        "fisher_p": 0.0010001062948042012
      }
    },
    "middle_share_test": {
      "chi2": 0.015426084090510583,
      "chi2_p": 0.9011555067482591,
      "fisher_odds_ratio": 1.0857089966679008,
      "fisher_p": 0.7632441128405869
    }
  },
  "concentration": {
    "A": {
      "n": 91,
      "gini": 0.8980250324469331,
      "gini_ci": [
        0.7793764700946794,
        0.9278011443170018
      ],
      "top1_share": 0.4422607452355333,
      "top1_ci": [
        0.10309999308556644,
        0.5810742717626423
      ],
      "top5_share": 0.7388713867708573,
      "top5_ci": [
        0.4319704891667019,
        0.8586476343353058
      ],
      "n_full": 114,
      "early_death_n": 23,
      "early_death_rate": 0.20175438596491227
    },
    "B": {
      "n": 418,
      "gini": 0.9020679184734847,
      "gini_ci": [
        0.8822594049592118,
        0.9162654097113829
      ],
      "top1_share": 0.3125405981142973,
      "top1_ci": [
        0.2361515758607652,
        0.3798162977273962
      ],
      "top5_share": 0.6966478896481372,
      "top5_ci": [
        0.6138861171611404,
        0.7678897274022894
      ],
      "n_full": 668,
      "early_death_n": 250,
      "early_death_rate": 0.37425149700598803
    },
    "R": {
      "n": 93,
      "gini": 0.9278797376215986,
      "gini_ci": [
        0.874446405523424,
        0.948137439873369
      ],
      "top1_share": 0.3232033907621275,
      "top1_ci": [
        0.13812208797568357,
        0.5434920320512749
      ],
      "top5_share": 0.7968576006123567,
      "top5_ci": [
        0.588159437753504,
        0.9290317955944346
      ],
      "n_full": 132,
      "early_death_n": 39,
      "early_death_rate": 0.29545454545454547
    },
    "early_death_tests": {
      "A_vs_B": {
        "chi2": 12.00396414315722,
        "p": 0.0005308750958950965
      },
      "A_vs_R": {
        "chi2": 2.3735801745773983,
        "p": 0.12340375014818711
      },
      "R_vs_B": {
        "chi2": 2.6341359887378735,
        "p": 0.10458894461602053
      }
    },
    "early_death_test": {
      "chi2": 12.00396414315722,
      "p": 0.0005308750958950965
    }
  },
  "robustness": {
    "price_bands": {},
    "years": {},
    "alt_B": {
      "story_rich_only": {
        "n": 170,
        "alpha": 1.3443719304033106,
        "alpha_se": 0.02672844548210342,
        "xmin": 11.0,
        "gini": 0.8703302487130444
      },
      "puzzle_only": {
        "n": 161,
        "alpha": 1.563673820855895,
        "alpha_se": 0.04571998413672507,
        "xmin": 12.0,
        "gini": 0.9231890446161215
      },
      "A_reference": null
    }
  }
}