{
  "tail": {
    "A": {
      "n": 219,
      "alpha": 1.3413034026835078,
      "alpha_se": 0.025439253645076917,
      "xmin": 28.0,
      "n_tail": 180,
      "LR_powerlaw_vs_lognormal": -1.89495606972419,
      "p_powerlaw_vs_lognormal": 0.05809822191066955,
      "LR_pl_vs_truncated_pl": -6.604475964168646,
      "p_pl_vs_truncated_pl": 0.00027861513278426564
    },
    "B": {
      "n": 459,
      "alpha": 1.6159295457258538,
      "alpha_se": 0.05205554761832077,
      "xmin": 282.0,
      "n_tail": 140,
      "LR_powerlaw_vs_lognormal": -1.6408569831621962,
      "p_powerlaw_vs_lognormal": 0.100827106310754,
      "LR_pl_vs_truncated_pl": -5.316707218779856,
      "p_pl_vs_truncated_pl": 0.001110624654690029
    },
    "R": {
      "n": 399,
      "alpha": 1.4567877886841436,
      "alpha_se": 0.025985749386310226,
      "xmin": 21.0,
      "n_tail": 309,
      "LR_powerlaw_vs_lognormal": -1.4145467021811775,
      "p_powerlaw_vs_lognormal": 0.15720144511234685,
      "LR_pl_vs_truncated_pl": -4.716558610632591,
      "p_pl_vs_truncated_pl": 0.0021310175491762173
    },
    "alpha_diffs": {
      "A_minus_B": {
        "point": -0.274626143042346,
        "ci95": [
          -0.41435137294172764,
          0.34944835482728226
        ],
        "n_boot": 500
      },
      "A_minus_R": {
        "point": -0.11548438600063582,
        "ci95": [
          -0.20645086894754366,
          0.36493710153866254
        ],
        "n_boot": 500
      },
      "R_minus_B": {
        "point": -0.15914175704171019,
        "ci95": [
          -0.3198958185269724,
          0.09477198873832107
        ],
        "n_boot": 500
      }
    },
    "alpha_diff_A_minus_B": {
      "point": -0.274626143042346,
      "ci95": [
        -0.41435137294172764,
        0.34944835482728226
      ],
      "n_boot": 500
    }
  },
  "middle": {
    "A": {
      "n": 219,
      "middle_n": 58,
      "middle_share": 0.2648401826484018,
      "dip_stat": 0.019166527693815872,
      "dip_p": 0.8860306628599376
    },
    "B": {
      "n": 459,
      "middle_n": 142,
      "middle_share": 0.3093681917211329,
      "dip_stat": 0.017596298242343,
      "dip_p": 0.4521199933512309
    },
    "R": {
      "n": 399,
      "middle_n": 102,
      "middle_share": 0.2556390977443609,
      "dip_stat": 0.015037593984962405,
      "dip_p": 0.8306076945786747
    },
    "middle_share_tests": {
      "A_vs_B": {
        "chi2": 1.2074969515518699,
        "chi2_p": 0.2718284113948568,
        "fisher_odds_ratio": 0.8042166039716561,
        "fisher_p": 0.24314885366083
      },
      "A_vs_R": {
        "chi2": 0.023648108089509557,
        "chi2_p": 0.8777836662000358,
        "fisher_odds_ratio": 1.0489587139203507,
        "fisher_p": 0.8478374919194573
      },
      "R_vs_B": {
        "chi2": 2.7695872802949446,
        "chi2_p": 0.09607092914888869,
        "fisher_odds_ratio": 0.7666808934414568,
        "fisher_p": 0.09501345731112444
      }
    },
    "middle_share_test": {
      "chi2": 1.2074969515518699,
      "chi2_p": 0.2718284113948568,
      "fisher_odds_ratio": 0.8042166039716561,
      "fisher_p": 0.24314885366083
    }
  },
  "concentration": {
    "A": {
      "n": 219,
      "median": 126.0,
      "mean": 12929.990867579909,
      "geomean": 277.5724852577527,
      "mean_over_median": 102.61897513952309,
      "gini": 0.9430619794494779,
      "gini_ci": [
        0.8837361308111257,
        0.9611421601718335
      ],
      "top1_share": 0.6070764651788274,
      "top1_ci": [
        0.26683287308612114,
        0.7559716263298413
      ],
      "top5_share": 0.8453943046995622,
      "top5_ci": [
        0.645644759515018,
        0.9197237652364482
      ],
      "n_full": 295,
      "early_death_n": 76,
      "early_death_rate": 0.2576271186440678
    },
    "B": {
      "n": 459,
      "median": 76.0,
      "mean": 1327.945533769063,
      "geomean": 121.8370584453447,
      "mean_over_median": 17.472967549592937,
      "gini": 0.8855149094090398,
      "gini_ci": [
        0.8575722074247777,
        0.9020421583041466
      ],
      "top1_share": 0.32821351638237517,
      "top1_ci": [
        0.23753584760114682,
        0.39514078401733227
      ],
      "top5_share": 0.703276475037201,
      "top5_ci": [
        0.6110800774645121,
        0.7735254463767429
      ],
      "n_full": 643,
      "early_death_n": 184,
      "early_death_rate": 0.28615863141524106
    },
    "R": {
      "n": 399,
      "median": 58.0,
      "mean": 2294.531328320802,
      "geomean": 102.93029161384445,
      "mean_over_median": 39.56088497104831,
      "gini": 0.9337892287402263,
      "gini_ci": [
        0.9037958970184369,
        0.9471058493955872
      ],
      "top1_share": 0.4864513859913186,
      "top1_ci": [
        0.28339927369133083,
        0.5919751905560688
      ],
      "top5_share": 0.8435290185446928,
      "top5_ci": [
        0.744545259125268,
        0.8968853723150791
      ],
      "n_full": 597,
      "early_death_n": 198,
      "early_death_rate": 0.3316582914572864
    },
    "early_death_tests": {
      "A_vs_B": {
        "chi2": 0.6854061999017547,
        "p": 0.40773131150693187
      },
      "A_vs_R": {
        "chi2": 4.742626235122383,
        "p": 0.029424121086003795
      },
      "R_vs_B": {
        "chi2": 2.7969153540059697,
        "p": 0.09444584952480177
      }
    },
    "early_death_test": {
      "chi2": 0.6854061999017547,
      "p": 0.40773131150693187
    }
  },
  "robustness": {
    "price_bands": {},
    "years": {},
    "alt_B": {
      "broad_or_sr_adv_puz": {
        "n": 1094,
        "alpha": 1.5177209410901398,
        "alpha_se": 0.017402999054590536,
        "xmin": 17.0,
        "gini": 0.8999658670455462
      },
      "adventure_only": {
        "n": 802,
        "alpha": 1.5035384893969415,
        "alpha_se": 0.020321159617075518,
        "xmin": 20.0,
        "gini": 0.9006004529169567
      },
      "puzzle_only": {
        "n": 421,
        "alpha": 1.6279274649825062,
        "alpha_se": 0.03625340909392092,
        "xmin": 21.0,
        "gini": 0.9060248804817003
      },
      "A_reference": {
        "n": 219,
        "alpha": 1.3413034026835078,
        "alpha_se": 0.025439253645076917,
        "xmin": 28.0,
        "gini": 0.9430619794494779
      }
    }
  },
  "window_sensitivity": {
    "primary_window": "2022-01-01..2025-06-30",
    "extended_window": "2022-01-01..2025-12-31",
    "h2_2025_games": 21,
    "primary": {
      "A": {
        "n": 145,
        "n_full": 186,
        "median": 199.0,
        "geomean": 403.82924460598156,
        "gini": 0.9299907257332005,
        "middle_share": 0.2413793103448276,
        "early_death_rate": 0.22043010752688172,
        "alpha": 1.2837195358688387,
        "alpha_se": 0.0239786772889149
      },
      "B": {
        "n": 732,
        "n_full": 1168,
        "median": 40.5,
        "geomean": 78.84440623234447,
        "gini": 0.9060580630048701,
        "middle_share": 0.20218579234972678,
        "early_death_rate": 0.3732876712328767,
        "alpha": 1.4876244946851371,
        "alpha_se": 0.018577013740159725
      },
      "R": {
        "n": 258,
        "n_full": 368,
        "median": 65.5,
        "geomean": 128.3063239855025,
        "gini": 0.9203670964325832,
        "middle_share": 0.2596899224806202,
        "early_death_rate": 0.29891304347826086,
        "alpha": 1.4073024155961944,
        "alpha_se": 0.02640149424012444
      }
    },
    "extended": {
      "A": {
        "n": 150,
        "n_full": 191,
        "median": 207.0,
        "geomean": 421.73825920680895,
        "gini": 0.9267147550567554,
        "middle_share": 0.24,
        "early_death_rate": 0.21465968586387435,
        "alpha": 1.2804937994392358,
        "alpha_se": 0.023293742170430034
      },
      "B": {
        "n": 739,
        "n_full": 1178,
        "median": 41.0,
        "geomean": 79.63942836070257,
        "gini": 0.9052936362391422,