{
  "tail": {
    "A": {
      "n": 472,
      "alpha": 1.8768782371870394,
      "alpha_se": 0.1132044936425707,
      "xmin": 382648.0,
      "n_tail": 60,
      "LR_powerlaw_vs_lognormal": -0.7848980753883331,
      "p_powerlaw_vs_lognormal": 0.432513330570203,
      "LR_pl_vs_truncated_pl": -1.0383104576684659,
      "p_pl_vs_truncated_pl": 0.14957096807510273
    },
    "B": {
      "n": 4148,
      "alpha": 1.9153293241584746,
      "alpha_se": 0.041692108263074644,
      "xmin": 37388.0,
      "n_tail": 482,
      "LR_powerlaw_vs_lognormal": -1.1931828098069093,
      "p_powerlaw_vs_lognormal": 0.232797785482859,
      "LR_pl_vs_truncated_pl": -2.869655442080685,
      "p_pl_vs_truncated_pl": 0.016589299947176728
    },
    "R": {
      "n": 1397,
      "alpha": 1.926178241840897,
      "alpha_se": 0.0751229753059107,
      "xmin": 66163.0,
      "n_tail": 152,
      "LR_powerlaw_vs_lognormal": -0.4726228069155038,
      "p_powerlaw_vs_lognormal": 0.6364823081057278,
      "LR_pl_vs_truncated_pl": -0.8190507091748866,
      "p_pl_vs_truncated_pl": 0.20058616022758524
    },
    "alpha_diffs": {
      "A_minus_B": {
        "point": -0.03845108697143518,
        "ci95": [
          -0.6884378922610713,
          1.0179569120931597
        ],
        "n_boot": 500
      },
      "A_minus_R": {
        "point": -0.04930000465385764,
        "ci95": [
          -0.6567074730280852,
          1.2114394489879945
        ],
        "n_boot": 500
      },
      "R_minus_B": {
        "point": 0.010848917682422465,
        "ci95": [
          -0.6555066769232788,
          0.2748184318644323
        ],
        "n_boot": 500
      }
    },
    "alpha_diff_A_minus_B": {
      "point": -0.03845108697143518,
      "ci95": [
        -0.6884378922610713,
        1.0179569120931597
      ],
      "n_boot": 500
    }
  },
  "middle": {
    "A": {
      "n": 472,
      "middle_n": 115,
      "middle_share": 0.24364406779661016,
      "dip_stat": 0.015443596117318766,
      "dip_p": 0.6673286159373222
    },
    "B": {
      "n": 4148,
      "middle_n": 1387,
      "middle_share": 0.3343780135004822,
      "dip_stat": 0.0027725152455484073,
      "dip_p": 0.9993371188236574
    },
    "R": {
      "n": 1397,
      "middle_n": 441,
      "middle_share": 0.31567644953471724,
      "dip_stat": 0.007076776503704694,
      "dip_p": 0.9595433184742508
    },
    "middle_share_tests": {
      "A_vs_B": {
        "chi2": 15.48985909464746,
        "chi2_p": 8.294907844463021e-05,
        "fisher_odds_ratio": 0.6412384708750118,
        "fisher_p": 5.094895187178533e-05
      },
      "A_vs_R": {
        "chi2": 8.417903816103696,
        "chi2_p": 0.0037154390628164674,
        "fisher_odds_ratio": 0.69831107045993,
        "fisher_p": 0.0029763786925784703
      },
      "R_vs_B": {
        "chi2": 1.5704103271453855,
        "chi2_p": 0.2101474342725543,
        "fisher_odds_ratio": 0.9182705215494746,
        "fisher_p": 0.19965117979423053
      }
    },
    "middle_share_test": {
      "chi2": 15.48985909464746,
      "chi2_p": 8.294907844463021e-05,
      "fisher_odds_ratio": 0.6412384708750118,
      "fisher_p": 5.094895187178533e-05
    }
  },
  "concentration": {
    "A": {
      "n": 472,
      "median": 9428.0,
      "mean": 325418.5466101695,
      "geomean": 13589.376029050703,
      "mean_over_median": 34.51618016654322,
      "gini": 0.9113443743381486,
      "gini_ci": [
        0.8751099154879427,
        0.928557464700219
      ],
      "top1_share": 0.42196961678178807,
      "top1_ci": [
        0.2990664555130952,
        0.5162179698640337
      ],
      "top5_share": 0.749110386223989,
      "top5_ci": [
        0.6302807698764257,
        0.8207790068847005
      ],
      "n_full": 886,
      "early_death_n": 414,
      "early_death_rate": 0.4672686230248307
    },
    "B": {
      "n": 4148,
      "median": 2765.5,
      "mean": 33420.475409836065,
      "geomean": 4090.3300356551704,
      "mean_over_median": 12.084785901224395,
      "gini": 0.884405918826098,
      "gini_ci": [
        0.861780735028537,
        0.902344929084552
      ],
      "top1_share": 0.4949917668947599,
      "top1_ci": [
        0.4120089290251797,
        0.5637411149039881
      ],
      "top5_share": 0.7428962759160601,
      "top5_ci": [
        0.6890376240717484,
        0.7855623566386203
      ],
      "n_full": 8071,
      "early_death_n": 3923,
      "early_death_rate": 0.4860612067897411
    },
    "R": {
      "n": 1397,
      "median": 3128.0,
      "mean": 54132.67788117394,
      "geomean": 5010.03787545833,
      "mean_over_median": 17.305843312395762,
      "gini": 0.8984190335200158,
      "gini_ci": [
        0.8699696485438458,
        0.9172745706696576
      ],
      "top1_share": 0.5019867474531775,
      "top1_ci": [
        0.39176862601936463,
        0.5783772373787082
      ],
      "top5_share": 0.7557321944117499,
      "top5_ci": [
        0.6816091173158394,
        0.8088156816032791
      ],
      "n_full": 3516,
      "early_death_n": 2119,
      "early_death_rate": 0.6026734926052332
    },
    "early_death_tests": {
      "A_vs_B": {
        "chi2": 1.0549337457117718,
        "p": 0.30437353093899966
      },
      "A_vs_R": {
        "chi2": 52.5548193945431,
        "p": 4.184047427846773e-13
      },
      "R_vs_B": {
        "chi2": 132.99385169554773,
        "p": 9.069221725692255e-31
      }
    },
    "early_death_test": {
      "chi2": 1.0549337457117718,
      "p": 0.30437353093899966
    },
    "abs_counts": {
      "35000": {
        "A": 165,
        "B": 491,
        "R": 233
      },
      "100000": {
        "A": 106,
        "B": 207,
        "R": 107
      },
      "500000": {
        "A": 48,
        "B": 47,
        "R": 23
      },
      "1000000": {
        "A": 29,
        "B": 21,
        "R": 16
      },
      "5000000": {
        "A": 8,
        "B": 3,
        "R": 1
      }
    },
    "cohort_sizes": {
      "A": 886,
      "B": 8071,
      "R": 3516
    }
  },
  "robustness": {
    "price_bands": {
      "$0-5": {
        "A": {
          "n": 109,
          "alpha": 1.472899464041474,
          "alpha_se": 0.05070014431169394,
          "xmin": 953.0,
          "gini": 0.9481386365240733
        },
        "B": {
          "n": 1052,
          "alpha": 1.7586639522052498,
          "alpha_se": 0.02368512977979765,
          "xmin": 536.0,
          "gini": 0.8518824902755952
        },
        "R": {
          "n": 450,
          "alpha": 1.6039626768642543,
          "alpha_se": 0.02885845297866813,
          "xmin": 513.0,
          "gini": 0.8583660429615874
        }
      },
      "$5-10": {
        "A": {
          "n": 167,
          "alpha": 1.504621246584928,
          "alpha_se": 0.06461012996058273,
          "xmin": 25206.0,
          "gini": 0.9370095821888043
        },
        "B": {
          "n": 1173,
          "alpha": 2.3212010036804234,
          "alpha_se": 0.14004702629635238,
          "xmin": 30435.0,
          "gini": 0.7991616737478795
        },
        "R": {
          "n": 437,
          "alpha": 1.457539820814603,
          "alpha_se": 0.022167876752123145,
          "xmin": 556.0,
          "gini": 0.876867995064181
        }
      }
    },
    "years": {
      "2024": {
        "A": {
          "n": 117,
          "alpha": 1.330232172669976,
          "alpha_se": 0.0305299751633199,
          "xmin": 541.0,
          "gini": 0.9082870172485378
        },
        "B": {
          "n": 1137,
          "alpha": 2.0165469782354024,
          "alpha_se": 0.07986747352277186,
          "xmin": 27841.0,
          "gini": 0.8257617698921436
        },
        "R": {
          "n": 418,
          "alpha": 1.4678795592506064,
          "alpha_se": 0.023752985811475558,
          "xmin": 649.0,
          "gini": 0.8883254983065337
        }
      },
      "2025": {
        "A": {
          "n": 195,
          "alpha": 1.5586943999829488,