{
  "tail": {
    "A": {
      "n": 116,
      "alpha": 1.8112827685529138,
      "alpha_se": 0.16916415111941224,
      "xmin": 12217.0,
      "n_tail": 23,
      "LR_powerlaw_vs_lognormal": -0.23892139649589228,
      "p_powerlaw_vs_lognormal": 0.8111665339576472,
      "LR_pl_vs_truncated_pl": -0.209225098018754,
      "p_pl_vs_truncated_pl": 0.5177113810122677
    },
    "B": {
      "n": 582,
      "alpha": 1.4723269149610716,
      "alpha_se": 0.01992390839210026,
      "xmin": 11.0,
      "n_tail": 562,
      "LR_powerlaw_vs_lognormal": -1.3649820298857303,
      "p_powerlaw_vs_lognormal": 0.17225869811518213,
      "LR_pl_vs_truncated_pl": -7.859867286687367,
      "p_pl_vs_truncated_pl": 7.345380050249872e-05
    },
    "R": {
      "n": 205,
      "alpha": 1.3653884580312081,
      "alpha_se": 0.02551983688135268,
      "xmin": 10.0,
      "n_tail": 205,
      "LR_powerlaw_vs_lognormal": -1.6586908245973377,
      "p_powerlaw_vs_lognormal": 0.09717810924667264,
      "LR_pl_vs_truncated_pl": -6.514744480958701,
      "p_pl_vs_truncated_pl": 0.0003066242106044559
    },
    "alpha_diffs": {
      "A_minus_B": {
        "point": 0.3389558535918422,
        "ci95": [
          -0.248342437058905,
          0.9151686142421899
        ],
        "n_boot": 500
      },
      "A_minus_R": {
        "point": 0.4458943105217057,
        "ci95": [
          -0.16365583952921098,
          1.0017019566619734
        ],
        "n_boot": 500
      },
      "R_minus_B": {
        "point": -0.10693845692986348,
        "ci95": [
          -0.16155782245351993,
          -0.035110155413439884
        ],
        "n_boot": 500
      }
    },
    "alpha_diff_A_minus_B": {
      "point": 0.3389558535918422,
      "ci95": [
        -0.248342437058905,
        0.9151686142421899
      ],
      "n_boot": 500
    }
  },
  "middle": {
    "A": {
      "n": 116,
      "middle_n": 28,
      "middle_share": 0.2413793103448276,
      "dip_stat": 0.033056559599073894,
      "dip_p": 0.4987288116746652
    },
    "B": {
      "n": 582,
      "middle_n": 108,
      "middle_share": 0.18556701030927836,
      "dip_stat": 0.018900343642611683,
      "dip_p": 0.1735773394908321
    },
    "R": {
      "n": 205,
      "middle_n": 48,
      "middle_share": 0.23414634146341465,
      "dip_stat": 0.016396728712704502,
      "dip_p": 0.9887690590286009
    },
    "middle_share_tests": {
      "A_vs_B": {
        "chi2": 1.581238668929181,
        "chi2_p": 0.20858236343293987,
        "fisher_odds_ratio": 1.3964646464646464,
        "fisher_p": 0.19853611753381586
      },
      "A_vs_R": {
        "chi2": 9.587584092997165e-05,
        "chi2_p": 0.9921875416524945,
        "fisher_odds_ratio": 1.040719696969697,
        "fisher_p": 0.8919817148548346
      },
      "R_vs_B": {
        "chi2": 1.9558407037955272,
        "chi2_p": 0.1619588471025604,
        "fisher_odds_ratio": 1.3418259023354564,
        "fisher_p": 0.15354983869767624
      }
    },
    "middle_share_test": {
      "chi2": 1.581238668929181,
      "chi2_p": 0.20858236343293987,
      "fisher_odds_ratio": 1.3964646464646464,
      "fisher_p": 0.19853611753381586
    }
  },
  "concentration": {
    "A": {
      "n": 116,
      "median": 357.5,
      "mean": 22505.405172413793,
      "geomean": 575.5697384494299,
      "mean_over_median": 62.95218230045816,
      "gini": 0.9173258226260694,
      "gini_ci": [
        0.8175297681927292,
        0.9432729640628761
      ],
      "top1_share": 0.5985799579947653,
      "top1_ci": [
        0.1983705668828762,
        0.7163637452259466
      ],
      "top5_share": 0.7765092447140093,
      "top5_ci": [
        0.47349587285544675,
        0.8810863097394229
      ],
      "n_full": 145,
      "early_death_n": 29,
      "early_death_rate": 0.2
    },
    "B": {
      "n": 582,
      "median": 40.0,
      "mean": 1233.6752577319587,
      "geomean": 81.02384738782715,
      "mean_over_median": 30.841881443298966,
      "gini": 0.9068710545687089,
      "gini_ci": [
        0.8866611915796634,
        0.9195350146738
      ],
      "top1_share": 0.3281118775931443,
      "top1_ci": [
        0.24720220498986215,
        0.3933122652833803
      ],
      "top5_share": 0.7491723526077334,
      "top5_ci": [
        0.6723005913593456,
        0.8076651814874882
      ],
      "n_full": 914,
      "early_death_n": 332,
      "early_death_rate": 0.36323851203501095
    },
    "R": {
      "n": 205,
      "median": 66.0,
      "mean": 3656.458536585366,
      "geomean": 146.80484433403126,
      "mean_over_median": 55.40088691796009,
      "gini": 0.9108095023989886,
      "gini_ci": [
        0.8648134832529403,
        0.9320078739025532
      ],
      "top1_share": 0.4323855950179702,
      "top1_ci": [
        0.20534058667161492,
        0.560735248617832
      ],
      "top5_share": 0.7387422722773201,
      "top5_ci": [
        0.5746340458840907,
        0.8305181253128675
      ],
      "n_full": 292,
      "early_death_n": 87,
      "early_death_rate": 0.2979452054794521
    },
    "early_death_tests": {
      "A_vs_B": {
        "chi2": 14.12437607487183,
        "p": 0.0001711119728942663
      },
      "A_vs_R": {
        "chi2": 4.2778059147166,
        "p": 0.03861316159849382
      },
      "R_vs_B": {
        "chi2": 3.878255304290712,
        "p": 0.04891536405346185
      }
    },
    "early_death_test": {
      "chi2": 14.12437607487183,
      "p": 0.0001711119728942663
    }
  },
  "robustness": {
    "price_bands": {},
    "years": {},
    "alt_B": {
      "story_rich_only": {
        "n": 238,
        "alpha": 1.3831356748886972,
        "alpha_se": 0.025949222237590473,
        "xmin": 14.0,
        "gini": 0.8826834274880003
      },
      "puzzle_only": {
        "n": 221,
        "alpha": 1.5617893788875787,
        "alpha_se": 0.03840313133594753,
        "xmin": 11.0,
        "gini": 0.9214110434150922
      },
      "A_reference": {
        "n": 116,
        "alpha": 1.8112827685529138,
        "alpha_se": 0.16916415111941224,
        "xmin": 12217.0,
        "gini": 0.9173258226260694
      }
    }
  }
}