{
  "tail": {
    "A": {
      "n": 201,
      "alpha": 1.3351797449603726,
      "alpha_se": 0.026014993525710777,
      "xmin": 28.0,
      "n_tail": 166,
      "LR_powerlaw_vs_lognormal": -1.8041872716204268,
      "p_powerlaw_vs_lognormal": 0.0712019540385599,
      "LR_pl_vs_truncated_pl": -6.461685680296311,
      "p_pl_vs_truncated_pl": 0.000324504871539566
    },
    "B": {
      "n": 397,
      "alpha": 1.4334554697998536,
      "alpha_se": 0.024306975750264297,
      "xmin": 22.0,
      "n_tail": 318,
      "LR_powerlaw_vs_lognormal": -2.5484795810558865,
      "p_powerlaw_vs_lognormal": 0.010819362038223434,
      "LR_pl_vs_truncated_pl": -12.563368224662701,
      "p_pl_vs_truncated_pl": 5.368336755129377e-07
    },
    "R": {
      "n": 346,
      "alpha": 1.4432096179519909,
      "alpha_se": 0.026972878383950225,
      "xmin": 21.0,
      "n_tail": 270,
      "LR_powerlaw_vs_lognormal": -1.3492290823822115,
      "p_powerlaw_vs_lognormal": 0.17726339623960885,
      "LR_pl_vs_truncated_pl": -4.623436014289856,
      "p_pl_vs_truncated_pl": 0.0023589801832369917
    },
    "alpha_diffs": {
      "A_minus_B": {
        "point": -0.098275724839481,
        "ci95": [
          -0.3918398536156974,
          0.4096746006366899
        ],
        "n_boot": 500
      },
      "A_minus_R": {
        "point": -0.10802987299161826,
        "ci95": [
          -0.20184067417112786,
          0.4472285586382813
        ],
        "n_boot": 500
      },
      "R_minus_B": {
        "point": 0.009754148152137265,
        "ci95": [
          -0.2973176576318122,
          0.10246842432029327
        ],
        "n_boot": 500
      }
    },
    "alpha_diff_A_minus_B": {
      "point": -0.098275724839481,
      "ci95": [
        -0.3918398536156974,
        0.4096746006366899
      ],
      "n_boot": 500
    }
  },
  "middle": {
    "A": {
      "n": 201,
      "middle_n": 53,
      "middle_share": 0.263681592039801,
      "dip_stat": 0.020361574405130443,
      "dip_p": 0.8642273465378639
    },
    "B": {
      "n": 397,
      "middle_n": 114,
      "middle_share": 0.2871536523929471,
      "dip_stat": 0.015805092061373614,
      "dip_p": 0.7650463447829168
    },
    "R": {
      "n": 346,
      "middle_n": 92,
      "middle_share": 0.2658959537572254,
      "dip_stat": 0.014450867052023121,
      "dip_p": 0.9376734299527454
    },
    "middle_share_tests": {
      "A_vs_B": {
        "chi2": 0.25794691285482707,
        "chi2_p": 0.6115341745324498,
        "fisher_odds_ratio": 0.8889876718824087,
        "fisher_p": 0.5640933028867882
      },
      "A_vs_R": {
        "chi2": 0.0,
        "chi2_p": 1.0,
        "fisher_odds_ratio": 0.988689776733255,
        "fisher_p": 1.0
      },
      "R_vs_B": {
        "chi2": 0.3175776845703824,
        "chi2_p": 0.5730670171372954,
        "fisher_odds_ratio": 0.8991573421743335,
        "fisher_p": 0.5653604463365496
      }
    },
    "middle_share_test": {
      "chi2": 0.25794691285482707,
      "chi2_p": 0.6115341745324498,
      "fisher_odds_ratio": 0.8889876718824087,
      "fisher_p": 0.5640933028867882
    }
  },
  "concentration": {
    "A": {
      "n": 201,
      "median": 129.0,
      "mean": 14029.154228855721,
      "geomean": 295.1171817257163,
      "mean_over_median": 108.7531335570211,
      "gini": 0.9406591830729538,
      "gini_ci": [
        0.8772713195826118,
        0.959550706372934
      ],
      "top1_share": 0.6096185626236763,
      "top1_ci": [
        0.2694780706279535,
        0.7598953567488607
      ],
      "top5_share": 0.8489343442582256,
      "top5_ci": [
        0.647817190067097,
        0.92366003761549
      ],
      "n_full": 265,
      "early_death_n": 64,
      "early_death_rate": 0.24150943396226415
    },
    "B": {
      "n": 397,
      "median": 75.0,
      "mean": 1479.44080604534,
      "geomean": 126.21716242654614,
      "mean_over_median": 19.725877413937866,
      "gini": 0.8858139288794553,
      "gini_ci": [
        0.8574827614795679,
        0.9032601268849283
      ],
      "top1_share": 0.2975884414085246,
      "top1_ci": [
        0.2116599992826646,
        0.35853352514062387
      ],
      "top5_share": 0.6910858824050207,
      "top5_ci": [
        0.6006032908371713,
        0.7607887206356899
      ],
      "n_full": 559,
      "early_death_n": 162,
      "early_death_rate": 0.2898032200357782
    },
    "R": {
      "n": 346,
      "median": 59.0,
      "mean": 2605.6531791907514,
      "geomean": 110.3880184800029,
      "mean_over_median": 44.163613206622905,
      "gini": 0.9321893693515927,
      "gini_ci": [
        0.8957212198256772,
        0.9458653555031445
      ],
      "top1_share": 0.4939848439808509,
      "top1_ci": [
        0.273028532395936,
        0.5947947122235718
      ],
      "top5_share": 0.8353324696413755,
      "top5_ci": [
        0.7205684354333646,
        0.8926174363330265
      ],
      "n_full": 514,
      "early_death_n": 168,
      "early_death_rate": 0.32684824902723736
    },
    "early_death_tests": {
      "A_vs_B": {
        "chi2": 1.8708432576309462,
        "p": 0.17137853141555526
      },
      "A_vs_R": {
        "chi2": 5.688013921583042,
        "p": 0.017081175872037963
      },
      "R_vs_B": {
        "chi2": 1.5559998165722,
        "p": 0.21225188655551794
      }
    },
    "early_death_test": {
      "chi2": 1.8708432576309462,
      "p": 0.17137853141555526
    }
  },
  "robustness": {
    "price_bands": {},
    "years": {},
    "alt_B": {
      "broad_or_sr_adv_puz": {
        "n": 961,
        "alpha": 1.509763551070713,
        "alpha_se": 0.018045434096457844,
        "xmin": 16.0,
        "gini": 0.9024465410421253
      },
      "adventure_only": {
        "n": 699,
        "alpha": 1.4839848436171836,
        "alpha_se": 0.019709386473861536,
        "xmin": 15.0,
        "gini": 0.9022946278281205
      },
      "puzzle_only": {
        "n": 364,
        "alpha": 1.6120819087698233,
        "alpha_se": 0.03992782120986916,
        "xmin": 24.0,
        "gini": 0.9106808304141221
      },
      "A_reference": {
        "n": 201,
        "alpha": 1.3351797449603726,
        "alpha_se": 0.026014993525710777,
        "xmin": 28.0,
        "gini": 0.9406591830729538
      }
    }
  },
  "window_sensitivity": {
    "primary_window": "2022-01-01..2025-06-30",
    "extended_window": "2022-01-01..2025-12-31",
    "h2_2025_games": 21,
    "primary": {
      "A": {
        "n": 145,
        "n_full": 186,
        "median": 199.0,
        "geomean": 403.82924460598156,
        "gini": 0.9299907257332005,
        "middle_share": 0.2413793103448276,
        "early_death_rate": 0.22043010752688172,
        "alpha": 1.2837195358688387,
        "alpha_se": 0.0239786772889149
      },
      "B": {
        "n": 732,
        "n_full": 1168,
        "median": 40.5,
        "geomean": 78.84440623234447,
        "gini": 0.9060580630048701,
        "middle_share": 0.20218579234972678,
        "early_death_rate": 0.3732876712328767,
        "alpha": 1.4876244946851371,
        "alpha_se": 0.018577013740159725
      },
      "R": {
        "n": 258,
        "n_full": 368,
        "median": 65.5,
        "geomean": 128.3063239855025,
        "gini": 0.9203670964325832,
        "middle_share": 0.2596899224806202,
        "early_death_rate": 0.29891304347826086,
        "alpha": 1.4073024155961944,
        "alpha_se": 0.02640149424012444
      }
    },
    "extended": {
      "A": {
        "n": 150,
        "n_full": 191,
        "median": 207.0,
        "geomean": 421.73825920680895,
        "gini": 0.9267147550567554,
        "middle_share": 0.24,
        "early_death_rate": 0.21465968586387435,
        "alpha": 1.2804937994392358,
        "alpha_se": 0.023293742170430034
      },
      "B": {
        "n": 739,
        "n_full": 1178,
        "median": 41.0,
        "geomean": 79.63942836070257,
        "gini": 0.9052936362391422,
        "middle_share": 0.20568335588633288,