{
  "tail": {
    "A": {
      "n": 299,
      "alpha": 1.371166315215654,
      "alpha_se": 0.0239089241442943,
      "xmin": 26.0,
      "n_tail": 241,
      "LR_powerlaw_vs_lognormal": -1.986375506832724,
      "p_powerlaw_vs_lognormal": 0.046991644202205946,
      "LR_pl_vs_truncated_pl": -5.9573820796250825,
      "p_pl_vs_truncated_pl": 0.0005569078812013295
    },
    "B": {
      "n": 688,
      "alpha": 1.6715293406933145,
      "alpha_se": 0.04821299689019558,
      "xmin": 282.0,
      "n_tail": 194,
      "LR_powerlaw_vs_lognormal": -1.651219870188247,
      "p_powerlaw_vs_lognormal": 0.09869368719003697,
      "LR_pl_vs_truncated_pl": -5.4589279958675,
      "p_pl_vs_truncated_pl": 0.0009524177120974198
    },
    "R": {
      "n": 604,
      "alpha": 1.4837968564944488,
      "alpha_se": 0.02157143564285091,
      "xmin": 17.0,
      "n_tail": 503,
      "LR_powerlaw_vs_lognormal": -1.8800746089666418,
      "p_powerlaw_vs_lognormal": 0.06009791039339903,
      "LR_pl_vs_truncated_pl": -5.968771547722833,
      "p_pl_vs_truncated_pl": 0.00055013981279739
    },
    "alpha_diffs": {
      "A_minus_B": {
        "point": -0.3003630254776606,
        "ci95": [
          -0.4241728053136443,
          0.07939704869504934
        ],
        "n_boot": 500
      },
      "A_minus_R": {
        "point": -0.1126305412787949,
        "ci95": [
          -0.29277171740568236,
          0.1275206667539699
        ],
        "n_boot": 500
      },
      "R_minus_B": {
        "point": -0.18773248419886568,
        "ci95": [
          -0.31539862563236515,
          0.14504434094116134
        ],
        "n_boot": 500
      }
    },
    "alpha_diff_A_minus_B": {
      "point": -0.3003630254776606,
      "ci95": [
        -0.4241728053136443,
        0.07939704869504934
      ],
      "n_boot": 500
    }
  },
  "middle": {
    "A": {
      "n": 299,
      "middle_n": 83,
      "middle_share": 0.27759197324414714,
      "dip_stat": 0.019248198134803815,
      "dip_p": 0.6639874249736302
    },
    "B": {
      "n": 688,
      "middle_n": 206,
      "middle_share": 0.29941860465116277,
      "dip_stat": 0.016413452275762283,
      "dip_p": 0.24602884494412325
    },
    "R": {
      "n": 604,
      "middle_n": 160,
      "middle_share": 0.26490066225165565,
      "dip_stat": 0.014637712622238598,
      "dip_p": 0.5462123988166304
    },
    "middle_share_tests": {
      "A_vs_B": {
        "chi2": 0.37989527793136496,
        "chi2_p": 0.5376592871498592,
        "fisher_odds_ratio": 0.8990920532182668,
        "fisher_p": 0.5426424574076134
      },
      "A_vs_R": {
        "chi2": 0.10560903098964555,
        "chi2_p": 0.7451996662865454,
        "fisher_odds_ratio": 1.0663194444444444,
        "fisher_p": 0.690789179779211
      },
      "R_vs_B": {
        "chi2": 1.7213111758299375,
        "chi2_p": 0.18952435531115897,
        "fisher_odds_ratio": 0.8431732703577364,
        "fisher_p": 0.173933964107902
      }
    },
    "middle_share_test": {
      "chi2": 0.37989527793136496,
      "chi2_p": 0.5376592871498592,
      "fisher_odds_ratio": 0.8990920532182668,
      "fisher_p": 0.5426424574076134
    }
  },
  "concentration": {
    "A": {
      "n": 299,
      "median": 111.0,
      "mean": 9552.936454849498,
      "geomean": 203.53953164564592,
      "mean_over_median": 86.0624905842297,
      "gini": 0.9527278276754498,
      "gini_ci": [
        0.905365970966303,
        0.9679345491702639
      ],
      "top1_share": 0.601835293425685,
      "top1_ci": [
        0.2655466003949106,
        0.7568719865050939
      ],
      "top5_share": 0.8768163180138976,
      "top5_ci": [
        0.7199265319036711,
        0.9386058016777659
      ],
      "n_full": 419,
      "early_death_n": 120,
      "early_death_rate": 0.2863961813842482
    },
    "B": {
      "n": 688,
      "median": 69.0,
      "mean": 1012.6279069767442,
      "geomean": 106.70200007573581,
      "mean_over_median": 14.675766767778901,
      "gini": 0.8816493596412849,
      "gini_ci": [
        0.8509063908879445,
        0.8998941770833204
      ],
      "top1_share": 0.35289254300346784,
      "top1_ci": [
        0.2631471335412149,
        0.4235776321826634
      ],
      "top5_share": 0.7159331006131869,
      "top5_ci": [
        0.6339265888045436,
        0.7703550960824697
      ],
      "n_full": 964,
      "early_death_n": 276,
      "early_death_rate": 0.2863070539419087
    },
    "R": {
      "n": 604,
      "median": 52.0,
      "mean": 1618.364238410596,
      "geomean": 88.31131735189065,
      "mean_over_median": 31.12238920020377,
      "gini": 0.9340703975680648,
      "gini_ci": [
        0.9004937770641641,
        0.949269864865449
      ],
      "top1_share": 0.5621877212294321,
      "top1_ci": [
        0.38281114959147633,
        0.6792553400529451
      ],
      "top5_share": 0.8565880846083651,
      "top5_ci": [
        0.7717008212915119,
        0.9054139045581125
      ],
      "n_full": 918,
      "early_death_n": 314,
      "early_death_rate": 0.3420479302832244
    },
    "early_death_tests": {
      "A_vs_B": {
        "chi2": 0.0,
        "p": 1.0
      },
      "A_vs_R": {
        "chi2": 3.8142576095437137,
        "p": 0.050818120579523327
      },
      "R_vs_B": {
        "chi2": 6.531948800649374,
        "p": 0.010595381066879232
      }
    },
    "early_death_test": {
      "chi2": 0.0,
      "p": 1.0
    }
  },
  "robustness": {
    "price_bands": {},
    "years": {
      "2024": {
        "A": {
          "n": 110,
          "alpha": 1.3357879598538915,
          "alpha_se": 0.033247962341048085,
          "xmin": 16.0,
          "gini": 0.9537067390377165
        },
        "B": {
          "n": 210,
          "alpha": 1.7000565152680873,
          "alpha_se": 0.08308142320192713,
          "xmin": 198.0,
          "gini": 0.872016178661546
        },
        "R": {
          "n": 217,
          "alpha": 1.5807648589222363,
          "alpha_se": 0.052154223946632786,
          "xmin": 40.0,
          "gini": 0.8923679166073526
        }
      }
    },
    "alt_B": {
      "broad_or_sr_adv_puz": {
        "n": 1655,
        "alpha": 1.5411158298862984,
        "alpha_se": 0.01483205104012093,
        "xmin": 17.0,
        "gini": 0.8910789164941121
      },
      "adventure_only": {
        "n": 1207,
        "alpha": 1.5070276737403905,
        "alpha_se": 0.01558794375439437,
        "xmin": 14.0,
        "gini": 0.8937131050828883
      },
      "puzzle_only": {
        "n": 637,
        "alpha": 1.6315876135268748,
        "alpha_se": 0.02807749417190687,
        "xmin": 17.0,
        "gini": 0.8946696999408459
      },
      "A_reference": {
        "n": 299,
        "alpha": 1.371166315215654,
        "alpha_se": 0.0239089241442943,
        "xmin": 26.0,
        "gini": 0.9527278276754498
      }
    },
    "fixed_xmin": {
      "A": {
        "alpha": 1.401585927253238,
        "alpha_se": 0.0323607162210085,
        "n_tail": 154
      },
      "B": {
        "alpha": 1.5468036241172067,
        "alpha_se": 0.03189023496647062,
        "n_tail": 294
      },
      "R": {
        "alpha": 1.5344064056125823,
        "alpha_se": 0.035786499844494425,
        "n_tail": 223
      }
    }
  },
  "window_sensitivity": {
    "primary_window": "2022-01-01..2025-06-30",
    "extended_window": "2022-01-01..2025-12-31",
    "h2_2025_games": 21,
    "primary": {
      "A": {
        "n": 145,
        "n_full": 186,
        "median": 199.0,
        "geomean": 403.82924460598156,
        "gini": 0.9299907257332005,
        "middle_share": 0.2413793103448276,
        "early_death_rate": 0.22043010752688172,
        "alpha": 1.2837195358688387,
        "alpha_se": 0.0239786772889149
      },
      "B": {
        "n": 732,
        "n_full": 1168,
        "median": 40.5,
        "geomean": 78.84440623234447,
        "gini": 0.9060580630048701,
        "middle_share": 0.20218579234972678,