{
  "tail": {
    "A": {
      "n": 157,
      "alpha": 1.2825539912507131,
      "alpha_se": 0.022843136291500758,
      "xmin": 13.0,
      "n_tail": 153,
      "LR_powerlaw_vs_lognormal": -2.3570487380154717,
      "p_powerlaw_vs_lognormal": 0.018420828991436693,
      "LR_pl_vs_truncated_pl": -9.40202276657336,
      "p_pl_vs_truncated_pl": 1.4485953212739489e-05
    },
    "B": {
      "n": 781,
      "alpha": 1.4907858790545676,
      "alpha_se": 0.01877939975524896,
      "xmin": 14.0,
      "n_tail": 683,
      "LR_powerlaw_vs_lognormal": -1.7860520669498243,
      "p_powerlaw_vs_lognormal": 0.07409082815520851,
      "LR_pl_vs_truncated_pl": -10.163508506517934,
      "p_pl_vs_truncated_pl": 6.527239525655482e-06
    },
    "R": {
      "n": 277,
      "alpha": 1.4102020195899143,
      "alpha_se": 0.025342365403769728,
      "xmin": 13.0,
      "n_tail": 262,
      "LR_powerlaw_vs_lognormal": -1.3539330203680902,
      "p_powerlaw_vs_lognormal": 0.17575774764141128,
      "LR_pl_vs_truncated_pl": -4.995814372818457,
      "p_pl_vs_truncated_pl": 0.0015725345381061295
    },
    "alpha_diffs": {
      "A_minus_B": {
        "point": -0.2082318878038545,
        "ci95": [
          -0.24987538538129406,
          0.624627491913133
        ],
        "n_boot": 500
      },
      "A_minus_R": {
        "point": -0.1276480283392012,
        "ci95": [
          -0.19623359352439224,
          0.671661949488214
        ],
        "n_boot": 500
      },
      "R_minus_B": {
        "point": -0.0805838594646533,
        "ci95": [
          -0.13808789971451313,
          0.002603074655570389
        ],
        "n_boot": 500
      }
    },
    "alpha_diff_A_minus_B": {
      "point": -0.2082318878038545,
      "ci95": [
        -0.24987538538129406,
        0.624627491913133
      ],
      "n_boot": 500
    }
  },
  "middle": {
    "A": {
      "n": 157,
      "middle_n": 38,
      "middle_share": 0.24203821656050956,
      "dip_stat": 0.02317296885921593,
      "dip_p": 0.8465696189811243
    },
    "B": {
      "n": 781,
      "middle_n": 160,
      "middle_share": 0.20486555697823303,
      "dip_stat": 0.016645326504481434,
      "dip_p": 0.15728209419164763
    },
    "R": {
      "n": 277,
      "middle_n": 72,
      "middle_share": 0.259927797833935,
      "dip_stat": 0.016245487364620937,
      "dip_p": 0.9301234334333583
    },
    "middle_share_tests": {
      "A_vs_B": {
        "chi2": 0.8729501887371525,
        "chi2_p": 0.35013986443725775,
        "fisher_odds_ratio": 1.239390756302521,
        "fisher_p": 0.33451246150439107
      },
      "A_vs_R": {
        "chi2": 0.08812483872039195,
        "chi2_p": 0.7665747084165573,
        "fisher_odds_ratio": 0.9091970121381886,
        "fisher_p": 0.7310863235973879
      },
      "R_vs_B": {
        "chi2": 3.3067419445364856,
        "chi2_p": 0.06899615726957044,
        "fisher_odds_ratio": 1.3631707317073172,
        "fisher_p": 0.0629824489926141
      }
    },
    "middle_share_test": {
      "chi2": 0.8729501887371525,
      "chi2_p": 0.35013986443725775,
      "fisher_odds_ratio": 1.239390756302521,
      "fisher_p": 0.33451246150439107
    }
  },
  "concentration": {
    "A": {
      "n": 157,
      "median": 176.0,
      "mean": 17853.573248407643,
      "geomean": 392.78764996610755,
      "mean_over_median": 101.44075709322524,
      "gini": 0.9292956252660484,
      "gini_ci": [
        0.8551668491524451,
        0.9510713371831185
      ],
      "top1_share": 0.5574965635168753,
      "top1_ci": [
        0.19775565768947828,
        0.6818817421880907
      ],
      "top5_share": 0.8040646290720943,
      "top5_ci": [
        0.5619453128323183,
        0.8910417688925587
      ],
      "n_full": 203,
      "early_death_n": 46,
      "early_death_rate": 0.22660098522167488
    },
    "B": {
      "n": 781,
      "median": 41.0,
      "mean": 1036.0537772087068,
      "geomean": 78.51297067964744,
      "mean_over_median": 25.26960432216358,
      "gini": 0.9050077882606594,
      "gini_ci": [
        0.8862906685819811,
        0.9165363948964566
      ],
      "top1_share": 0.3525862686891806,
      "top1_ci": [
        0.27182249057528085,
        0.4124251817867025
      ],
      "top5_share": 0.7630092021582929,
      "top5_ci": [
        0.6989569641353743,
        0.8058234644653626
      ],
      "n_full": 1255,
      "early_death_n": 474,
      "early_death_rate": 0.3776892430278884
    },
    "R": {
      "n": 277,
      "median": 63.0,
      "mean": 3189.1949458483755,
      "geomean": 124.48640082075438,
      "mean_over_median": 50.62214199759326,
      "gini": 0.9274108557859019,
      "gini_ci": [
        0.8910790359551682,
        0.9424616519971492
      ],
      "top1_share": 0.4601401166166897,
      "top1_ci": [
        0.24090467840182184,
        0.532418016400582
      ],
      "top5_share": 0.7998997064773089,
      "top5_ci": [
        0.6749508096744066,
        0.8757534834576393
      ],
      "n_full": 393,
      "early_death_n": 116,
      "early_death_rate": 0.2951653944020356
    },
    "early_death_tests": {
      "A_vs_B": {
        "chi2": 16.73187284249365,
        "p": 4.305162288141269e-05
      },
      "A_vs_R": {
        "chi2": 2.842300292859074,
        "p": 0.09181269193340813
      },
      "R_vs_B": {
        "chi2": 8.512360149067716,
        "p": 0.0035274226281556366
      }
    },
    "early_death_test": {
      "chi2": 16.73187284249365,
      "p": 4.305162288141269e-05
    }
  },
  "robustness": {
    "price_bands": {},
    "years": {},
    "alt_B": {
      "story_rich_only": {
        "n": 316,
        "alpha": 1.3928327065650725,
        "alpha_se": 0.023067930818169696,
        "xmin": 14.0,
        "gini": 0.8828249149625244
      },
      "puzzle_only": {
        "n": 293,
        "alpha": 1.5916891744272434,
        "alpha_se": 0.03548715844009623,
        "xmin": 12.0,
        "gini": 0.917783594219933
      },
      "A_reference": {
        "n": 157,
        "alpha": 1.2825539912507131,
        "alpha_se": 0.022843136291500758,
        "xmin": 13.0,
        "gini": 0.9292956252660484
      }
    }
  },
  "window_sensitivity": {
    "primary_window": "2022-01-01..2025-06-30",
    "extended_window": "2022-01-01..2025-12-31",
    "h2_2025_games": 21,
    "primary": {
      "A": {
        "n": 145,
        "n_full": 186,
        "median": 199.0,
        "geomean": 403.82924460598156,
        "gini": 0.9299907257332005,
        "middle_share": 0.2413793103448276,
        "early_death_rate": 0.22043010752688172,
        "alpha": 1.2837195358688387,
        "alpha_se": 0.0239786772889149
      },
      "B": {
        "n": 732,
        "n_full": 1168,
        "median": 40.5,
        "geomean": 78.84440623234447,
        "gini": 0.9060580630048701,
        "middle_share": 0.20218579234972678,
        "early_death_rate": 0.3732876712328767,
        "alpha": 1.4876244946851371,
        "alpha_se": 0.018577013740159725
      },
      "R": {
        "n": 258,
        "n_full": 368,
        "median": 65.5,
        "geomean": 128.3063239855025,
        "gini": 0.9203670964325832,
        "middle_share": 0.2596899224806202,
        "early_death_rate": 0.29891304347826086,
        "alpha": 1.4073024155961944,
        "alpha_se": 0.02640149424012444
      }
    },
    "extended": {
      "A": {
        "n": 150,
        "n_full": 191,
        "median": 207.0,
        "geomean": 421.73825920680895,
        "gini": 0.9267147550567554,
        "middle_share": 0.24,
        "early_death_rate": 0.21465968586387435,
        "alpha": 1.2804937994392358,
        "alpha_se": 0.023293742170430034
      },
      "B": {
        "n": 739,
        "n_full": 1178,
        "median": 41.0,
        "geomean": 79.63942836070257,
        "gini": 0.9052936362391422,
        "middle_share": 0.20568335588633288,
        "early_death_rate": 0.37266553480475384,
        "alpha": 1.4891972726502662,
        "alpha_se": 0.01920267265876123
      },