{
  "tail": {
    "A": {
      "n": 536,
      "alpha": 1.8768782371870394,
      "alpha_se": 0.1132044936425707,
      "xmin": 382648.0,
      "n_tail": 60,
      "LR_powerlaw_vs_lognormal": -0.7848980753883331,
      "p_powerlaw_vs_lognormal": 0.432513330570203,
      "LR_pl_vs_truncated_pl": -1.0383104576684659,
      "p_pl_vs_truncated_pl": 0.14957096807510273
    },
    "B": {
      "n": 4821,
      "alpha": 1.9153293241584746,
      "alpha_se": 0.041692108263074644,
      "xmin": 37388.0,
      "n_tail": 482,
      "LR_powerlaw_vs_lognormal": -1.1931828098069093,
      "p_powerlaw_vs_lognormal": 0.232797785482859,
      "LR_pl_vs_truncated_pl": -2.869655442080685,
      "p_pl_vs_truncated_pl": 0.016589299947176728
    },
    "R": {
      "n": 1684,
      "alpha": 1.926178241840897,
      "alpha_se": 0.0751229753059107,
      "xmin": 66163.0,
      "n_tail": 152,
      "LR_powerlaw_vs_lognormal": -0.4726228069155038,
      "p_powerlaw_vs_lognormal": 0.6364823081057278,
      "LR_pl_vs_truncated_pl": -0.8190507091748866,
      "p_pl_vs_truncated_pl": 0.20058616022758524
    },
    "alpha_diffs": {
      "A_minus_B": {
        "point": -0.03845108697143518,
        "ci95": [
          -0.8094623146573614,
          0.6415319832891104
        ],
        "n_boot": 500
      },
      "A_minus_R": {
        "point": -0.04930000465385764,
        "ci95": [
          -0.7206163187624565,
          0.9884565739091533
        ],
        "n_boot": 500
      },
      "R_minus_B": {
        "point": 0.010848917682422465,
        "ci95": [
          -0.7128605907222012,
          0.23484227985468462
        ],
        "n_boot": 500
      }
    },
    "alpha_diff_A_minus_B": {
      "point": -0.03845108697143518,
      "ci95": [
        -0.8094623146573614,
        0.6415319832891104
      ],
      "n_boot": 500
    }
  },
  "middle": {
    "A": {
      "n": 536,
      "middle_n": 115,
      "middle_share": 0.21455223880597016,
      "dip_stat": 0.01359958464062399,
      "dip_p": 0.7757512869975416
    },
    "B": {
      "n": 4821,
      "middle_n": 1387,
      "middle_share": 0.2876996473760631,
      "dip_stat": 0.002968926071840501,
      "dip_p": 0.9953714614770225
    },
    "R": {
      "n": 1684,
      "middle_n": 441,
      "middle_share": 0.26187648456057006,
      "dip_stat": 0.005870698797907041,
      "dip_p": 0.9901104833440628
    },
    "middle_share_tests": {
      "A_vs_B": {
        "chi2": 12.431702267097053,
        "chi2_p": 0.0004221069881268566,
        "fisher_odds_ratio": 0.6763002909610276,
        "fisher_p": 0.0003115899356781831
      },
      "A_vs_R": {
        "chi2": 4.601823033423605,
        "chi2_p": 0.031937977416678226,
        "fisher_odds_ratio": 0.7699247553336457,
        "fisher_p": 0.02957478987600034
      },
      "R_vs_B": {
        "chi2": 3.9922778666220444,
        "chi2_p": 0.045709230549287445,
        "fisher_odds_ratio": 0.8783979035301365,
        "fisher_p": 0.0438794215199294
      }
    },
    "middle_share_test": {
      "chi2": 12.431702267097053,
      "chi2_p": 0.0004221069881268566,
      "fisher_odds_ratio": 0.6763002909610276,
      "fisher_p": 0.0003115899356781831
    }
  },
  "concentration": {
    "A": {
      "n": 536,
      "median": 4148.5,
      "mean": 286611.2555970149,
      "geomean": 8928.981368323986,
      "mean_over_median": 69.08792469495357,
      "gini": 0.9216257754668302,
      "gini_ci": [
        0.8916629869812959,
        0.9390146992492586
      ],
      "top1_share": 0.4734456644440898,
      "top1_ci": [
        0.3406742402158247,
        0.5633470395560176
      ],
      "top5_share": 0.771962755235713,
      "top5_ci": [
        0.6643512419610554,
        0.8429504973247565
      ],
      "n_full": 886,
      "early_death_n": 350,
      "early_death_rate": 0.39503386004514673
    },
    "B": {
      "n": 4821,
      "median": 1957.0,
      "mean": 28810.476664592406,
      "geomean": 2949.0082792901053,
      "mean_over_median": 14.721756088192338,
      "gini": 0.8971781757229363,
      "gini_ci": [
        0.8768484928473391,
        0.9132739128069857
      ],
      "top1_share": 0.5198442124481267,
      "top1_ci": [
        0.4388132086175076,
        0.5915736318306254
      ],
      "top5_share": 0.7635073893208834,
      "top5_ci": [
        0.7136853049586751,
        0.805092720405987
      ],
      "n_full": 8071,
      "early_death_n": 3250,
      "early_death_rate": 0.4026762482963697
    },
    "R": {
      "n": 1684,
      "median": 1987.0,
      "mean": 44973.45665083135,
      "geomean": 3236.6453570516896,
      "mean_over_median": 22.633848339623228,
      "gini": 0.9131725978084677,
      "gini_ci": [
        0.8871542007344202,
        0.9301516278634233
      ],
      "top1_share": 0.5412617954736854,
      "top1_ci": [
        0.43023765097878347,
        0.6156876832772946
      ],
      "top5_share": 0.7816870101301902,
      "top5_ci": [
        0.7105774456802636,
        0.8340841378291183
      ],
      "n_full": 3516,
      "early_death_n": 1832,
      "early_death_rate": 0.5210466439135382
    },
    "early_death_tests": {
      "A_vs_B": {
        "chi2": 0.16349012614392291,
        "p": 0.6859633600558626
      },
      "A_vs_R": {
        "chi2": 44.449852255305714,
        "p": 2.6095666507317018e-11
      },
      "R_vs_B": {
        "chi2": 138.88395661140999,
        "p": 4.6695323136225866e-32
      }
    },
    "early_death_test": {
      "chi2": 0.16349012614392291,
      "p": 0.6859633600558626
    }
  },
  "robustness": {
    "price_bands": {
      "$0-5": {
        "A": {
          "n": 139,
          "alpha": 1.472899464041474,
          "alpha_se": 0.05070014431169394,
          "xmin": 953.0,
          "gini": 0.9580842791988082
        },
        "B": {
          "n": 1338,
          "alpha": 1.7586639522052498,
          "alpha_se": 0.02368512977979765,
          "xmin": 536.0,
          "gini": 0.8657574798508916
        },
        "R": {
          "n": 598,
          "alpha": 1.5973038783904268,
          "alpha_se": 0.02442557199174989,
          "xmin": 301.0,
          "gini": 0.8803646933496451
        }
      },
      "$5-10": {
        "A": {
          "n": 192,
          "alpha": 1.504621246584928,
          "alpha_se": 0.06461012996058273,
          "xmin": 25206.0,
          "gini": 0.9449371005979265
        },
        "B": {
          "n": 1396,
          "alpha": 2.3212010036804234,
          "alpha_se": 0.14004702629635238,
          "xmin": 30435.0,
          "gini": 0.8212730785495049
        },
        "R": {
          "n": 526,
          "alpha": 1.457539820814603,
          "alpha_se": 0.022167876752123145,
          "xmin": 556.0,
          "gini": 0.8942912752440341
        }
      }
    },
    "years": {
      "2024": {
        "A": {
          "n": 134,
          "alpha": 1.313782267519086,
          "alpha_se": 0.027106659341706196,
          "xmin": 304.0,
          "gini": 0.9196308792515823
        },
        "B": {
          "n": 1329,
          "alpha": 2.0165469782354024,
          "alpha_se": 0.07986747352277186,
          "xmin": 27841.0,
          "gini": 0.8458125329873715
        },
        "R": {
          "n": 504,
          "alpha": 1.4678795592506064,
          "alpha_se": 0.023752985811475558,
          "xmin": 649.0,
          "gini": 0.9042796827822486
        }
      },
      "2025": {
        "A": {
          "n": 223,
          "alpha": 1.5586943999829488,
          "alpha_se": 0.0649469047774127,
          "xmin": 34132.0,
          "gini": 0.9340089128891492
        },
        "B": {
          "n": 1458,
          "alpha": 2.0207655127628428,
          "alpha_se": 0.09279686479662207,
          "xmin": 37388.0,
          "gini": 0.8925483961230712
        },
        "R": {
          "n": 577,
          "alpha": 1.7670252076687027,
          "alpha_se": 0.07670252076687027,
          "xmin": 19601.0,
          "gini": 0.9308527421394077
        }
      }
    },