{
  "tail": {
    "A": {
      "n": 585,
      "alpha": 1.5514957451111826,
      "alpha_se": 0.03823934975381899,
      "xmin": 34132.0,
      "n_tail": 208,
      "LR_powerlaw_vs_lognormal": -2.1260037607891635,
      "p_powerlaw_vs_lognormal": 0.03350294639448122,
      "LR_pl_vs_truncated_pl": -7.236356129281994,
      "p_pl_vs_truncated_pl": 0.00014220471395587353
    },
    "B": {
      "n": 4767,
      "alpha": 1.995924896433281,
      "alpha_se": 0.05567389422273135,
      "xmin": 67829.0,
      "n_tail": 320,
      "LR_powerlaw_vs_lognormal": -0.816666271075367,
      "p_powerlaw_vs_lognormal": 0.41411917153291433,
      "LR_pl_vs_truncated_pl": -1.8103382755661013,
      "p_pl_vs_truncated_pl": 0.05706566242620581
    },
    "R": {
      "n": 1620,
      "alpha": 1.9553229693712546,
      "alpha_se": 0.07263186038785349,
      "xmin": 68100.0,
      "n_tail": 173,
      "LR_powerlaw_vs_lognormal": -0.5009003605095632,
      "p_powerlaw_vs_lognormal": 0.6164412487828891,
      "LR_pl_vs_truncated_pl": -0.8658980191134145,
      "p_pl_vs_truncated_pl": 0.18818168931829993
    },
    "alpha_diffs": {
      "A_minus_B": {
        "point": -0.44442915132209837,
        "ci95": [
          -0.6579508607528951,
          0.6979042491098201
        ],
        "n_boot": 500
      },
      "A_minus_R": {
        "point": -0.403827224260072,
        "ci95": [
          -0.6903469710726745,
          0.9016075674948807
        ],
        "n_boot": 500
      },
      "R_minus_B": {
        "point": -0.040601927062026366,
        "ci95": [
          -0.5886752615502601,
          0.33018026533086914
        ],
        "n_boot": 500
      }
    },
    "alpha_diff_A_minus_B": {
      "point": -0.44442915132209837,
      "ci95": [
        -0.6579508607528951,
        0.6979042491098201
      ],
      "n_boot": 500
    }
  },
  "middle": {
    "A": {
      "n": 585,
      "middle_n": 149,
      "middle_share": 0.2547008547008547,
      "dip_stat": 0.015720013770110768,
      "dip_p": 0.44362746566653766
    },
    "B": {
      "n": 4767,
      "middle_n": 1617,
      "middle_share": 0.3392070484581498,
      "dip_stat": 0.002702139084531293,
      "dip_p": 0.9981709194090564
    },
    "R": {
      "n": 1620,
      "middle_n": 513,
      "middle_share": 0.31666666666666665,
      "dip_stat": 0.006089612807201827,
      "dip_p": 0.986760071787618
    },
    "middle_share_tests": {
      "A_vs_B": {
        "chi2": 16.45029736345548,
        "chi2_p": 4.994234756096137e-05,
        "fisher_odds_ratio": 0.6657333492195877,
        "fisher_p": 3.28021650329025e-05
      },
      "A_vs_R": {
        "chi2": 7.563067750174758,
        "chi2_p": 0.005957649363896179,
        "fisher_odds_ratio": 0.737445678416224,
        "fisher_p": 0.005265723382480568
      },
      "R_vs_B": {
        "chi2": 2.6632570958785973,
        "chi2_p": 0.10269025894324584,
        "fisher_odds_ratio": 0.9027557808045613,
        "fisher_p": 0.0995784391672525
      }
    },
    "middle_share_test": {
      "chi2": 16.45029736345548,
      "chi2_p": 4.994234756096137e-05,
      "fisher_odds_ratio": 0.6657333492195877,
      "fisher_p": 3.28021650329025e-05
    }
  },
  "concentration": {
    "A": {
      "n": 585,
      "median": 9776.0,
      "mean": 307592.358974359,
      "geomean": 13271.395762993137,
      "mean_over_median": 31.46403017331823,
      "gini": 0.9143454156051615,
      "gini_ci": [
        0.8833258940863183,
        0.9301744145572678
      ],
      "top1_share": 0.4390483731020849,
      "top1_ci": [
        0.324533392985805,
        0.5097240869918432
      ],
      "top5_share": 0.7645884971634953,
      "top5_ci": [
        0.6615239264109612,
        0.8261724339721334
      ],
      "n_full": 1147,
      "early_death_n": 562,
      "early_death_rate": 0.4899738448125545
    },
    "B": {
      "n": 4767,
      "median": 2758.0,
      "mean": 30882.03754982169,
      "geomean": 4018.450240287863,
      "mean_over_median": 11.197257994859205,
      "gini": 0.8791894319872143,
      "gini_ci": [
        0.8558102010497606,
        0.8972332871066979
      ],
      "top1_share": 0.48787188489016986,
      "top1_ci": [
        0.40646528089203277,
        0.5558291565258433
      ],
      "top5_share": 0.734993311434384,
      "top5_ci": [
        0.6805714490846699,
        0.7784676480766881
      ],
      "n_full": 9638,
      "early_death_n": 4871,
      "early_death_rate": 0.5053953102303382
    },
    "R": {
      "n": 1620,
      "median": 3083.5,
      "mean": 51051.08209876543,
      "geomean": 4928.380676576475,
      "mean_over_median": 16.556212777287314,
      "gini": 0.8948427067625495,
      "gini_ci": [
        0.8651550359716392,
        0.9127376225652524
      ],
      "top1_share": 0.49942302404370986,
      "top1_ci": [
        0.38549975292054456,
        0.5701710198993087
      ],
      "top5_share": 0.7443742048103283,
      "top5_ci": [
        0.6631129965163094,
        0.7950158727054614
      ],
      "n_full": 4405,
      "early_death_n": 2785,
      "early_death_rate": 0.6322360953461975
    },
    "early_death_tests": {
      "A_vs_B": {
        "chi2": 0.9144240564344807,
        "p": 0.3389433049041939
      },
      "A_vs_R": {
        "chi2": 76.33307945679525,
        "p": 2.396359160849646e-18
      },
      "R_vs_B": {
        "chi2": 195.64937126835358,
        "p": 1.8590350713567797e-44
      }
    },
    "early_death_test": {
      "chi2": 0.9144240564344807,
      "p": 0.3389433049041939
    }
  },
  "robustness": {
    "price_bands": {
      "$0-5": {
        "A": {
          "n": 134,
          "alpha": 1.4647376399438405,
          "alpha_se": 0.0433370083817887,
          "xmin": 825.0,
          "gini": 0.943299957214246
        },
        "B": {
          "n": 1164,
          "alpha": 1.7600659776892456,
          "alpha_se": 0.02247182171886062,
          "xmin": 526.0,
          "gini": 0.844109628663702
        },
        "R": {
          "n": 487,
          "alpha": 1.6221150800141304,
          "alpha_se": 0.028190725198723687,
          "xmin": 500.0,
          "gini": 0.8565163819694036
        }
      },
      "$5-10": {
        "A": {
          "n": 220,
          "alpha": 1.510602235103006,
          "alpha_se": 0.05673358167811177,
          "xmin": 25206.0,
          "gini": 0.9362201382399673
        },
        "B": {
          "n": 1352,
          "alpha": 2.3676923147041635,
          "alpha_se": 0.13958951233963462,
          "xmin": 30987.0,
          "gini": 0.7909007787906978
        },
        "R": {
          "n": 522,
          "alpha": 1.4562705125604707,
          "alpha_se": 0.019970417807797545,
          "xmin": 500.0,
          "gini": 0.879945005256443
        }
      }
    },
    "years": {
      "2024": {
        "A": {
          "n": 117,
          "alpha": 1.330232172669976,
          "alpha_se": 0.0305299751633199,
          "xmin": 541.0,
          "gini": 0.9082870172485378
        },
        "B": {
          "n": 1137,
          "alpha": 2.0165469782354024,
          "alpha_se": 0.07986747352277186,
          "xmin": 27841.0,
          "gini": 0.8257617698921436
        },
        "R": {
          "n": 418,
          "alpha": 1.4678795592506064,
          "alpha_se": 0.023752985811475558,
          "xmin": 649.0,
          "gini": 0.8883254983065337
        }
      },
      "2025": {
        "A": {
          "n": 195,
          "alpha": 1.5586943999829488,
          "alpha_se": 0.0649469047774127,
          "xmin": 34132.0,
          "gini": 0.9248363211313527
        },
        "B": {
          "n": 1222,
          "alpha": 2.0207655127628428,
          "alpha_se": 0.09279686479662207,
          "xmin": 37388.0,
          "gini": 0.877374156144132
        },
        "R": {
          "n": 465,
          "alpha": 1.7670252076687027,
          "alpha_se": 0.07670252076687027,
          "xmin": 19601.0,
          "gini": 0.9175517863750347
        }
      },