{
  "tail": {
    "A": {
      "n": 367,
      "alpha": 1.396471016908444,
      "alpha_se": 0.023201711324490382,
      "xmin": 28.0,
      "n_tail": 292,
      "LR_powerlaw_vs_lognormal": -1.982612319898066,
      "p_powerlaw_vs_lognormal": 0.04741075017293922,
      "LR_pl_vs_truncated_pl": -5.574977457977632,
      "p_pl_vs_truncated_pl": 0.000840337154419557
    },
    "B": {
      "n": 875,
      "alpha": 1.6814331581562372,
      "alpha_se": 0.04217965358295965,
      "xmin": 235.0,
      "n_tail": 261,
      "LR_powerlaw_vs_lognormal": -1.9896477473063139,
      "p_powerlaw_vs_lognormal": 0.04662975248650427,
      "LR_pl_vs_truncated_pl": -6.686658960877063,
      "p_pl_vs_truncated_pl": 0.0002552294314075443
    },
    "R": {
      "n": 754,
      "alpha": 1.67830176519765,
      "alpha_se": 0.05575606164296495,
      "xmin": 356.0,
      "n_tail": 148,
      "LR_powerlaw_vs_lognormal": -0.5891513781968786,
      "p_powerlaw_vs_lognormal": 0.5557597303519546,
      "LR_pl_vs_truncated_pl": -1.3312202651910843,
      "p_pl_vs_truncated_pl": 0.1027429816343739
    },
    "alpha_diffs": {
      "A_minus_B": {
        "point": -0.2849621412477932,
        "ci95": [
          -0.49485633416395497,
          0.08480946487519204
        ],
        "n_boot": 500
      },
      "A_minus_R": {
        "point": -0.28183074828920596,
        "ci95": [
          -0.35883106752067934,
          0.13121972251444053
        ],
        "n_boot": 500
      },
      "R_minus_B": {
        "point": -0.0031313929585872202,
        "ci95": [
          -0.42913303099725997,
          0.19534991903225
        ],
        "n_boot": 500
      }
    },
    "alpha_diff_A_minus_B": {
      "point": -0.2849621412477932,
      "ci95": [
        -0.49485633416395497,
        0.08480946487519204
      ],
      "n_boot": 500
    }
  },
  "middle": {
    "A": {
      "n": 367,
      "middle_n": 107,
      "middle_share": 0.29155313351498635,
      "dip_stat": 0.01978412376717633,
      "dip_p": 0.43299472399502537
    },
    "B": {
      "n": 875,
      "middle_n": 274,
      "middle_share": 0.31314285714285717,
      "dip_stat": 0.01692308064945928,
      "dip_p": 0.0904536569849953
    },
    "R": {
      "n": 754,
      "middle_n": 203,
      "middle_share": 0.2692307692307692,
      "dip_stat": 0.013925729442970823,
      "dip_p": 0.4389682111971991
    },
    "middle_share_tests": {
      "A_vs_B": {
        "chi2": 0.46973544467732886,
        "chi2_p": 0.4931089015355158,
        "fisher_odds_ratio": 0.9026810780460416,
        "fisher_p": 0.45921894305461636
      },
      "A_vs_R": {
        "chi2": 0.5082965720910304,
        "chi2_p": 0.47587718818639535,
        "fisher_odds_ratio": 1.117032967032967,
        "fisher_p": 0.4347058377038295
      },
      "R_vs_B": {
        "chi2": 3.562280920278288,
        "chi2_p": 0.05910646821593781,
        "fisher_odds_ratio": 0.8081060315021129,
        "fisher_p": 0.05601761096548305
      }
    },
    "middle_share_test": {
      "chi2": 0.46973544467732886,
      "chi2_p": 0.4931089015355158,
      "fisher_odds_ratio": 0.9026810780460416,
      "fisher_p": 0.45921894305461636
    }
  },
  "concentration": {
    "A": {
      "n": 367,
      "median": 102.0,
      "mean": 7871.967302452316,
      "geomean": 183.3812187352551,
      "mean_over_median": 77.17615002404231,
      "gini": 0.9557164090654248,
      "gini_ci": [
        0.9068264478360867,
        0.9697604855593436
      ],
      "top1_share": 0.642067253441661,
      "top1_ci": [
        0.33587661452922113,
        0.7963122511737627
      ],
      "top5_share": 0.892695149760541,
      "top5_ci": [
        0.7473742933601945,
        0.9452185990520506
      ],
      "n_full": 520,
      "early_death_n": 153,
      "early_death_rate": 0.29423076923076924
    },
    "B": {
      "n": 875,
      "median": 71.0,
      "mean": 878.0365714285714,
      "geomean": 104.42669538887944,
      "mean_over_median": 12.36671227364185,
      "gini": 0.8744950481352272,
      "gini_ci": [
        0.8473607869762949,
        0.8937462057173517
      ],
      "top1_share": 0.3665997641491015,
      "top1_ci": [
        0.27285218356096586,
        0.4318517716968741
      ],
      "top5_share": 0.7021900812462091,
      "top5_ci": [
        0.6276350437803586,
        0.7551632440049606
      ],
      "n_full": 1225,
      "early_death_n": 350,
      "early_death_rate": 0.2857142857142857
    },
    "R": {
      "n": 754,
      "median": 48.0,
      "mean": 1330.2519893899205,
      "geomean": 81.11152371499632,
      "mean_over_median": 27.71358311229001,
      "gini": 0.9328883667587617,
      "gini_ci": [
        0.8927597871709545,
        0.9488963757249345
      ],
      "top1_share": 0.5777649275680202,
      "top1_ci": [
        0.4029919656584377,
        0.6899689155039064
      ],
      "top5_share": 0.8587740899891327,
      "top5_ci": [
        0.7629570668394352,
        0.9049377155875435
      ],
      "n_full": 1171,
      "early_death_n": 417,
      "early_death_rate": 0.3561058923996584
    },
    "early_death_tests": {
      "A_vs_B": {
        "chi2": 0.09087958328906261,
        "p": 0.7630619116812474
      },
      "A_vs_R": {
        "chi2": 5.8957860232583705,
        "p": 0.015177154375671732
      },
      "R_vs_B": {
        "chi2": 13.308780592563863,
        "p": 0.00026416610729738986
      }
    },
    "early_death_test": {
      "chi2": 0.09087958328906261,
      "p": 0.7630619116812474
    }
  },
  "robustness": {
    "price_bands": {
      "$5-10": {
        "A": {
          "n": 107,
          "alpha": 1.466462314303818,
          "alpha_se": 0.05120089074263694,
          "xmin": 23.0,
          "gini": 0.9656785924355035
        },
        "B": {
          "n": 226,
          "alpha": 2.005690109747758,
          "alpha_se": 0.13439099385511408,
          "xmin": 206.0,
          "gini": 0.7713116760649171
        },
        "R": {
          "n": 187,
          "alpha": 1.6469915301734113,
          "alpha_se": 0.06637993039403688,
          "xmin": 55.0,
          "gini": 0.8676716440067621
        }
      }
    },
    "years": {
      "2024": {
        "A": {
          "n": 130,
          "alpha": 1.3945109139557634,
          "alpha_se": 0.042296009598228865,
          "xmin": 56.0,
          "gini": 0.9578565558856411
        },
        "B": {
          "n": 267,
          "alpha": 1.7234564100584537,
          "alpha_se": 0.07668622609389729,
          "xmin": 206.0,
          "gini": 0.862109232542369
        },
        "R": {
          "n": 268,
          "alpha": 1.590973707074747,
          "alpha_se": 0.05163361252512183,
          "xmin": 52.0,
          "gini": 0.8842714854403466
        }
      }
    },
    "alt_B": {
      "broad_or_sr_adv_puz": {
        "n": 2119,
        "alpha": 1.5514887874898469,
        "alpha_se": 0.013375567777437942,
        "xmin": 17.0,
        "gini": 0.8835555222848598
      },
      "adventure_only": {
        "n": 1522,
        "alpha": 1.5398980695012412,
        "alpha_se": 0.015730376932785506,
        "xmin": 19.0,
        "gini": 0.888034396633235
      },
      "puzzle_only": {
        "n": 818,
        "alpha": 1.6419508356322385,
        "alpha_se": 0.026518744589869754,
        "xmin": 20.0,
        "gini": 0.884945293859263
      },
      "A_reference": {
        "n": 367,
        "alpha": 1.396471016908444,
        "alpha_se": 0.023201711324490382,
        "xmin": 28.0,
        "gini": 0.9557164090654248
      }
    },
    "fixed_xmin": {
      "A": {
        "alpha": 1.428435256644543,
        "alpha_se": 0.03141439718017766,
        "n_tail": 186
      },
      "B": {
        "alpha": 1.57736574837791,
        "alpha_se": 0.0297358488912588,
        "n_tail": 377
      },
      "R": {
        "alpha": 1.5673429921964768,
        "alpha_se": 0.03446363240651096,
        "n_tail": 271
      }
    }
  },
  "window_sensitivity": {
    "primary_window": "2022-01-01..2025-06-30",