{
  "tail": {
    "A": {
      "n": 122,
      "alpha": 1.4025882308096924,
      "alpha_se": 0.03721929510468403,
      "xmin": 13.0,
      "n_tail": 117,
      "LR_powerlaw_vs_lognormal": -0.919418015954534,
      "p_powerlaw_vs_lognormal": 0.35787696956251536,
      "LR_pl_vs_truncated_pl": -1.6100367952912191,
      "p_pl_vs_truncated_pl": 0.07274035976830007
    },
    "B": {
      "n": 940,
      "alpha": 1.6625218127292953,
      "alpha_se": 0.03857351125644677,
      "xmin": 205.0,
      "n_tail": 295,
      "LR_powerlaw_vs_lognormal": -2.2492347981879535,
      "p_powerlaw_vs_lognormal": 0.024497561622986528,
      "LR_pl_vs_truncated_pl": -8.103895699466692,
      "p_pl_vs_truncated_pl": 5.676018680700334e-05
    },
    "R": {
      "n": 805,
      "alpha": 1.6948813886891188,
      "alpha_se": 0.05510767871859317,
      "xmin": 356.0,
      "n_tail": 159,
      "LR_powerlaw_vs_lognormal": -0.5703111329293686,
      "p_powerlaw_vs_lognormal": 0.5684666913252099,
      "LR_pl_vs_truncated_pl": -1.2458411497836126,
      "p_pl_vs_truncated_pl": 0.11444933029362081
    },
    "alpha_diffs": {
      "A_minus_B": {
        "point": -0.2599335819196029,
        "ci95": [
          -0.48698026886683266,
          0.04052275082906045
        ],
        "n_boot": 500
      },
      "A_minus_R": {
        "point": -0.29229315787942634,
        "ci95": [
          -0.4030321245240913,
          0.1239878092684173
        ],
        "n_boot": 500
      },
      "R_minus_B": {
        "point": 0.03235957595982342,
        "ci95": [
          -0.3622507101329827,
          0.20546628830920013
        ],
        "n_boot": 500
      }
    },
    "alpha_diff_A_minus_B": {
      "point": -0.2599335819196029,
      "ci95": [
        -0.48698026886683266,
        0.04052275082906045
      ],
      "n_boot": 500
    }
  },
  "middle": {
    "A": {
      "n": 122,
      "middle_n": 27,
      "middle_share": 0.22131147540983606,
      "dip_stat": 0.029161643642842173,
      "dip_p": 0.6841630207539464
    },
    "B": {
      "n": 940,
      "middle_n": 292,
      "middle_share": 0.31063829787234043,
      "dip_stat": 0.017035043660066237,
      "dip_p": 0.06515909370373707
    },
    "R": {
      "n": 805,
      "middle_n": 215,
      "middle_share": 0.2670807453416149,
      "dip_stat": 0.014285714285714285,
      "dip_p": 0.3399249278044475
    },
    "middle_share_tests": {
      "A_vs_B": {
        "chi2": 3.6860745385259395,
        "chi2_p": 0.05486860625866039,
        "fisher_odds_ratio": 0.6307137707281903,
        "fisher_p": 0.0460555249731555
      },
      "A_vs_R": {
        "chi2": 0.9254467058894352,
        "chi2_p": 0.3360488974767255,
        "fisher_odds_ratio": 0.7799265605875153,
        "fisher_p": 0.320122673749093
      },
      "R_vs_B": {
        "chi2": 3.782812858961086,
        "chi2_p": 0.05178154234380554,
        "fisher_odds_ratio": 0.8086835384258184,
        "fisher_p": 0.05033122862030687
      }
    },
    "middle_share_test": {
      "chi2": 3.6860745385259395,
      "chi2_p": 0.05486860625866039,
      "fisher_odds_ratio": 0.6307137707281903,
      "fisher_p": 0.0460555249731555
    }
  },
  "concentration": {
    "A": {
      "n": 122,
      "median": 69.5,
      "mean": 5583.88524590164,
      "geomean": 134.88850050863542,
      "mean_over_median": 80.3436726029013,
      "gini": 0.9542065827793603,
      "gini_ci": [
        0.8514065644548756,
        0.966439725714134
      ],
      "top1_share": 0.7626395629108353,
      "top1_ci": [
        0.21931325579501829,
        0.8606170753996363
      ],
      "top5_share": 0.9046627150142242,
      "top5_ci": [
        0.6083022376433186,
        0.962172455028453
      ],
      "n_full": 178,
      "early_death_n": 56,
      "early_death_rate": 0.3146067415730337
    },
    "B": {
      "n": 940,
      "median": 70.0,
      "mean": 867.3117021276596,
      "geomean": 102.81313374470116,
      "mean_over_median": 12.39016717325228,
      "gini": 0.8747976066286215,
      "gini_ci": [
        0.8467024524141176,
        0.8928163142959136
      ],
      "top1_share": 0.3678215763308732,
      "top1_ci": [
        0.2814850669264234,
        0.4355096344691275
      ],
      "top5_share": 0.7010400197234546,
      "top5_ci": [
        0.6300943067167376,
        0.7520737411523001
      ],
      "n_full": 1325,
      "early_death_n": 385,
      "early_death_rate": 0.29056603773584905
    },
    "R": {
      "n": 805,
      "median": 49.0,
      "mean": 1266.2372670807454,
      "geomean": 80.84877250039217,
      "mean_over_median": 25.841576879198886,
      "gini": 0.9309722942408605,
      "gini_ci": [
        0.8910387259672925,
        0.9476403902241759
      ],
      "top1_share": 0.5969208914561752,
      "top1_ci": [
        0.41113927799341415,
        0.7044376157100023
      ],
      "top5_share": 0.8538262235350788,
      "top5_ci": [
        0.7507534808132024,
        0.8998419472963226
      ],
      "n_full": 1254,
      "early_death_n": 449,
      "early_death_rate": 0.3580542264752791
    },
    "early_death_tests": {
      "A_vs_B": {
        "chi2": 0.3291738638337736,
        "p": 0.5661459523657857
      },
      "A_vs_R": {
        "chi2": 1.1056062073627673,
        "p": 0.2930390597491
      },
      "R_vs_B": {
        "chi2": 13.104262342146471,
        "p": 0.0002946246646370155
      }
    },
    "early_death_test": {
      "chi2": 0.3291738638337736,
      "p": 0.5661459523657857
    }
  },
  "robustness": {
    "price_bands": {},
    "years": {},
    "alt_B": {
      "broad_or_sr_adv_puz": {
        "n": 2275,
        "alpha": 1.5548837878640738,
        "alpha_se": 0.01302099325848206,
        "xmin": 17.0,
        "gini": 0.8835519851428725
      },
      "adventure_only": {
        "n": 1640,
        "alpha": 1.5234952558877954,
        "alpha_se": 0.013800103809044154,
        "xmin": 14.0,
        "gini": 0.8881153842624179
      },
      "puzzle_only": {
        "n": 885,
        "alpha": 1.6481966807477992,
        "alpha_se": 0.025783879547372095,
        "xmin": 20.0,
        "gini": 0.881831621353313
      },
      "A_reference": {
        "n": 122,
        "alpha": 1.4025882308096924,
        "alpha_se": 0.03721929510468403,
        "xmin": 13.0,
        "gini": 0.9542065827793603
      }
    },
    "fixed_xmin": {
      "A": {
        "alpha": 1.4177734675319251,
        "alpha_se": 0.05849998662202771,
        "n_tail": 51
      },
      "B": {
        "alpha": 1.5784738052508325,
        "alpha_se": 0.0288516510715707,
        "n_tail": 402
      },
      "R": {
        "alpha": 1.5688516094931457,
        "alpha_se": 0.03351990254679044,
        "n_tail": 288
      }
    }
  },
  "window_sensitivity": {
    "primary_window": "2022-01-01..2025-06-30",
    "extended_window": "2022-01-01..2025-12-31",
    "h2_2025_games": 21,
    "primary": {
      "A": {
        "n": 145,
        "n_full": 186,
        "median": 199.0,
        "geomean": 403.82924460598156,
        "gini": 0.9299907257332005,
        "middle_share": 0.2413793103448276,
        "early_death_rate": 0.22043010752688172,
        "alpha": 1.2837195358688387,
        "alpha_se": 0.0239786772889149
      },
      "B": {
        "n": 732,
        "n_full": 1168,
        "median": 40.5,
        "geomean": 78.84440623234447,
        "gini": 0.9060580630048701,
        "middle_share": 0.20218579234972678,
        "early_death_rate": 0.3732876712328767,
        "alpha": 1.4876244946851371,
        "alpha_se": 0.018577013740159725
      },
      "R": {
        "n": 258,
        "n_full": 368,
        "median": 65.5,
        "geomean": 128.3063239855025,
        "gini": 0.9203670964325832,
        "middle_share": 0.2596899224806202,
        "early_death_rate": 0.29891304347826086,
        "alpha": 1.4073024155961944,
        "alpha_se": 0.02640149424012444
      }
    },
    "extended": {
      "A": {
        "n": 150,
        "n_full": 191,
        "median": 207.0,