{
  "tail": {
    "A": {
      "n": 329,
      "alpha": 1.3893114143375678,
      "alpha_se": 0.023960461223041993,
      "xmin": 28.0,
      "n_tail": 264,
      "LR_powerlaw_vs_lognormal": -1.8366115278346804,
      "p_powerlaw_vs_lognormal": 0.06626726429458192,
      "LR_pl_vs_truncated_pl": -5.3124077449378415,
      "p_pl_vs_truncated_pl": 0.0011158010119007855
    },
    "B": {
      "n": 754,
      "alpha": 1.6808862054968112,
      "alpha_se": 0.04654442279828431,
      "xmin": 282.0,
      "n_tail": 214,
      "LR_powerlaw_vs_lognormal": -1.8290066648419343,
      "p_powerlaw_vs_lognormal": 0.06739860981533262,
      "LR_pl_vs_truncated_pl": -6.09936518956029,
      "p_pl_vs_truncated_pl": 0.00047822051322177206
    },
    "R": {
      "n": 663,
      "alpha": 1.4895400783541883,
      "alpha_se": 0.02030954466926869,
      "xmin": 15.0,
      "n_tail": 581,
      "LR_powerlaw_vs_lognormal": -1.9610547134944716,
      "p_powerlaw_vs_lognormal": 0.049872640747646246,
      "LR_pl_vs_truncated_pl": -6.250245552350105,
      "p_pl_vs_truncated_pl": 0.00040684505506616286
    },
    "alpha_diffs": {
      "A_minus_B": {
        "point": -0.29157479115924345,
        "ci95": [
          -0.6755243621933293,
          0.08491735496516724
        ],
        "n_boot": 500
      },
      "A_minus_R": {
        "point": -0.10022866401662056,
        "ci95": [
          -0.3365964270819114,
          0.09908080794665339
        ],
        "n_boot": 500
      },
      "R_minus_B": {
        "point": -0.1913461271426229,
        "ci95": [
          -0.5531317639091311,
          0.2137802763445963
        ],
        "n_boot": 500
      }
    },
    "alpha_diff_A_minus_B": {
      "point": -0.29157479115924345,
      "ci95": [
        -0.6755243621933293,
        0.08491735496516724
      ],
      "n_boot": 500
    }
  },
  "middle": {
    "A": {
      "n": 329,
      "middle_n": 96,
      "middle_share": 0.2917933130699088,
      "dip_stat": 0.018640512316368082,
      "dip_p": 0.6388859205797262
    },
    "B": {
      "n": 754,
      "middle_n": 228,
      "middle_share": 0.30238726790450926,
      "dip_stat": 0.01611042813987671,
      "dip_p": 0.20897190735233784
    },
    "R": {
      "n": 663,
      "middle_n": 174,
      "middle_share": 0.26244343891402716,
      "dip_stat": 0.014675212351953574,
      "dip_p": 0.4575411507753875
    },
    "middle_share_tests": {
      "A_vs_B": {
        "chi2": 0.07728784618697383,
        "chi2_p": 0.7810070485901179,
        "fisher_odds_ratio": 0.9505308335215722,
        "fisher_p": 0.77296925230772
      },
      "A_vs_R": {
        "chi2": 0.8137446931544365,
        "chi2_p": 0.3670154419656513,
        "fisher_odds_ratio": 1.1579103152286518,
        "fisher_p": 0.32602560345802467
      },
      "R_vs_B": {
        "chi2": 2.5768129647313285,
        "chi2_p": 0.10843979813454228,
        "fisher_odds_ratio": 0.8209019481218384,
        "fisher_p": 0.09856353435308612
      }
    },
    "middle_share_test": {
      "chi2": 0.07728784618697383,
      "chi2_p": 0.7810070485901179,
      "fisher_odds_ratio": 0.9505308335215722,
      "fisher_p": 0.77296925230772
    }
  },
  "concentration": {
    "A": {
      "n": 329,
      "median": 107.0,
      "mean": 8733.677811550151,
      "geomean": 193.9482871660395,
      "mean_over_median": 81.62315711729113,
      "gini": 0.9542840103521475,
      "gini_ci": [
        0.905827939105039,
        0.9682161918292937
      ],
      "top1_share": 0.6455602809235117,
      "top1_ci": [
        0.3339156417495092,
        0.7879879951423102
      ],
      "top5_share": 0.885675058641739,
      "top5_ci": [
        0.7264339794246969,
        0.9411379406060375
      ],
      "n_full": 464,
      "early_death_n": 135,
      "early_death_rate": 0.29094827586206895
    },
    "B": {
      "n": 754,
      "median": 70.0,
      "mean": 967.4283819628647,
      "geomean": 107.25136280047845,
      "mean_over_median": 13.820405456612352,
      "gini": 0.8772985612102945,
      "gini_ci": [
        0.8491838917985984,
        0.8959855210053141
      ],
      "top1_share": 0.3622239495723438,
      "top1_ci": [
        0.2682586428625429,
        0.4320204150759586
      ],
      "top5_share": 0.7023350757634956,
      "top5_ci": [
        0.6252030014729756,
        0.7561356699099102
      ],
      "n_full": 1051,
      "early_death_n": 297,
      "early_death_rate": 0.2825880114176974
    },
    "R": {
      "n": 663,
      "median": 49.0,
      "mean": 1490.0935143288084,
      "geomean": 84.75770931240534,
      "mean_over_median": 30.41007172099609,
      "gini": 0.9339080188645688,
      "gini_ci": [
        0.8960148690441765,
        0.9492547547755307
      ],
      "top1_share": 0.5562467862160554,
      "top1_ci": [
        0.37882858518133844,
        0.6722199651861783
      ],
      "top5_share": 0.8590267346335577,
      "top5_ci": [
        0.7661931686836501,
        0.9030396841393528
      ],
      "n_full": 1017,
      "early_death_n": 354,
      "early_death_rate": 0.3480825958702065
    },
    "early_death_tests": {
      "A_vs_B": {
        "chi2": 0.07316865617210469,
        "p": 0.7867778831211916
      },
      "A_vs_R": {
        "chi2": 4.448130619137076,
        "p": 0.03493947384234761
      },
      "R_vs_B": {
        "chi2": 9.977209056534463,
        "p": 0.001584897334200276
      }
    },
    "early_death_test": {
      "chi2": 0.07316865617210469,
      "p": 0.7867778831211916
    }
  },
  "robustness": {
    "price_bands": {
      "$5-10": {
        "A": {
          "n": 101,
          "alpha": 1.4617176300155226,
          "alpha_se": 0.05194729191747028,
          "xmin": 24.0,
          "gini": 0.964413898865267
        },
        "B": {
          "n": 188,
          "alpha": 2.024449187223791,
          "alpha_se": 0.1684184089253876,
          "xmin": 264.0,
          "gini": 0.7771732669931891
        },
        "R": {
          "n": 171,
          "alpha": 1.606109082724403,
          "alpha_se": 0.06061090827244029,
          "xmin": 41.0,
          "gini": 0.8703706200498669
        }
      }
    },
    "years": {
      "2024": {
        "A": {
          "n": 121,
          "alpha": 1.3652079898354161,
          "alpha_se": 0.03766832800197136,
          "xmin": 32.0,
          "gini": 0.9562887041003597
        },
        "B": {
          "n": 231,
          "alpha": 2.3699477995432305,
          "alpha_se": 0.36613395026111684,
          "xmin": 3156.0,
          "gini": 0.8663766790989993
        },
        "R": {
          "n": 239,
          "alpha": 1.5146745397115504,
          "alpha_se": 0.03454269337918979,
          "xmin": 13.0,
          "gini": 0.8883990493677376
        }
      }
    },
    "alt_B": {
      "broad_or_sr_adv_puz": {
        "n": 1814,
        "alpha": 1.5430785522732382,
        "alpha_se": 0.014213015305273639,
        "xmin": 17.0,
        "gini": 0.8877145619951835
      },
      "adventure_only": {
        "n": 1314,
        "alpha": 1.528521237979645,
        "alpha_se": 0.016573031931712848,
        "xmin": 19.0,
        "gini": 0.8909276524210408
      },
      "puzzle_only": {
        "n": 694,
        "alpha": 1.6341969796866591,
        "alpha_se": 0.028419046198539112,
        "xmin": 20.0,
        "gini": 0.8911351186991597
      },
      "A_reference": {
        "n": 329,
        "alpha": 1.3893114143375678,
        "alpha_se": 0.023960461223041993,
        "xmin": 28.0,
        "gini": 0.9542840103521475
      }
    },
    "fixed_xmin": {
      "A": {
        "alpha": 1.4181289082423083,
        "alpha_se": 0.032163762172485254,
        "n_tail": 169
      },
      "B": {
        "alpha": 1.5500734946982442,
        "alpha_se": 0.030559638594346898,
        "n_tail": 324
      },
      "R": {
        "alpha": 1.5416737156298672,
        "alpha_se": 0.03503795994115431,
        "n_tail": 239
      }
    }
  },