{
  "tail": {
    "A": {
      "n": 284,
      "alpha": 1.374062232870767,
      "alpha_se": 0.024718728120876613,
      "xmin": 28.0,
      "n_tail": 229,
      "LR_powerlaw_vs_lognormal": -1.7424940139281702,
      "p_powerlaw_vs_lognormal": 0.08142203800665153,
      "LR_pl_vs_truncated_pl": -5.476011131867197,
      "p_pl_vs_truncated_pl": 0.0009350151179225996
    },
    "B": {
      "n": 649,
      "alpha": 1.6548277498711164,
      "alpha_se": 0.048014300177261784,
      "xmin": 272.0,
      "n_tail": 186,
      "LR_powerlaw_vs_lognormal": -1.6858854048203549,
      "p_powerlaw_vs_lognormal": 0.09181787363631674,
      "LR_pl_vs_truncated_pl": -5.678270638730883,
      "p_pl_vs_truncated_pl": 0.0007518270351585254
    },
    "R": {
      "n": 574,
      "alpha": 1.4894625127781038,
      "alpha_se": 0.025010366070998775,
      "xmin": 28.0,
      "n_tail": 383,
      "LR_powerlaw_vs_lognormal": -1.8493339073899406,
      "p_powerlaw_vs_lognormal": 0.0644096125202472,
      "LR_pl_vs_truncated_pl": -5.495752908373342,
      "p_pl_vs_truncated_pl": 0.0009153041347532698
    },
    "alpha_diffs": {
      "A_minus_B": {
        "point": -0.28076551700034935,
        "ci95": [
          -0.4115614224752949,
          0.125963232325888
        ],
        "n_boot": 500
      },
      "A_minus_R": {
        "point": -0.11540027990733681,
        "ci95": [
          -0.2944537498332869,
          0.11004944098593561
        ],
        "n_boot": 500
      },
      "R_minus_B": {
        "point": -0.16536523709301254,
        "ci95": [
          -0.2890989634875935,
          0.19051872464431469
        ],
        "n_boot": 500
      }
    },
    "alpha_diff_A_minus_B": {
      "point": -0.28076551700034935,
      "ci95": [
        -0.4115614224752949,
        0.125963232325888
      ],
      "n_boot": 500
    }
  },
  "middle": {
    "A": {
      "n": 284,
      "middle_n": 78,
      "middle_share": 0.2746478873239437,
      "dip_stat": 0.01908459101722024,
      "dip_p": 0.7210448591966225
    },
    "B": {
      "n": 649,
      "middle_n": 189,
      "middle_share": 0.29121725731895226,
      "dip_stat": 0.017113036215176902,
      "dip_p": 0.22723047720265033
    },
    "R": {
      "n": 574,
      "middle_n": 151,
      "middle_share": 0.26306620209059234,
      "dip_stat": 0.014808362369337982,
      "dip_p": 0.5710269818550637
    },
    "middle_share_tests": {
      "A_vs_B": {
        "chi2": 0.1905872454653743,
        "chi2_p": 0.6624283070500296,
        "fisher_odds_ratio": 0.9215595623362614,
        "fisher_p": 0.6371779656878946
      },
      "A_vs_R": {
        "chi2": 0.07778243082263618,
        "chi2_p": 0.7803253923047055,
        "fisher_odds_ratio": 1.0606956857197969,
        "fisher_p": 0.7431044683438783
      },
      "R_vs_B": {
        "chi2": 1.0664694860775774,
        "chi2_p": 0.3017442691101141,
        "fisher_odds_ratio": 0.8688255969579847,
        "fisher_p": 0.2777282106961223
      }
    },
    "middle_share_test": {
      "chi2": 0.1905872454653743,
      "chi2_p": 0.6624283070500296,
      "fisher_odds_ratio": 0.9215595623362614,
      "fisher_p": 0.6371779656878946
    }
  },
  "concentration": {
    "A": {
      "n": 284,
      "median": 112.0,
      "mean": 10043.471830985916,
      "geomean": 213.54593234501456,
      "mean_over_median": 89.67385563380283,
      "gini": 0.9513629467724631,
      "gini_ci": [
        0.9019394632373322,
        0.9662414573341149
      ],
      "top1_share": 0.6026754818665057,
      "top1_ci": [
        0.26283060310846873,
        0.7557111439055693
      ],
      "top5_share": 0.8780403920141525,
      "top5_ci": [
        0.7113492297042752,
        0.9379215836659901
      ],
      "n_full": 394,
      "early_death_n": 110,
      "early_death_rate": 0.27918781725888325
    },
    "B": {
      "n": 649,
      "median": 68.0,
      "mean": 1051.7226502311248,
      "geomean": 106.36057545240844,
      "mean_over_median": 15.466509562222424,
      "gini": 0.8840520225901535,
      "gini_ci": [
        0.8554191866179162,
        0.9019608498313305
      ],
      "top1_share": 0.36019268409887367,
      "top1_ci": [
        0.26259373860442703,
        0.4284746371873655
      ],
      "top5_share": 0.716728589678977,
      "top5_ci": [
        0.6365052874779904,
        0.7721451220504681
      ],
      "n_full": 907,
      "early_death_n": 258,
      "early_death_rate": 0.2844542447629548
    },
    "R": {
      "n": 574,
      "median": 53.5,
      "mean": 1693.7351916376306,
      "geomean": 90.07173357127317,
      "mean_over_median": 31.658601712852906,
      "gini": 0.9340674109247975,
      "gini_ci": [
        0.8972033412481073,
        0.9478816693886228
      ],
      "top1_share": 0.5326433546868764,
      "top1_ci": [
        0.3443388092486507,
        0.6461502596021383
      ],
      "top5_share": 0.853077131959959,
      "top5_ci": [
        0.7583686299587753,
        0.8984004819085089
      ],
      "n_full": 861,
      "early_death_n": 287,
      "early_death_rate": 0.3333333333333333
    },
    "early_death_tests": {
      "A_vs_B": {
        "chi2": 0.016081003912742562,
        "p": 0.8990900698301934
      },
      "A_vs_R": {
        "chi2": 3.4182062951384755,
        "p": 0.06448103874360996
      },
      "R_vs_B": {
        "chi2": 4.722410635740832,
        "p": 0.02977197755785433
      }
    },
    "early_death_test": {
      "chi2": 0.016081003912742562,
      "p": 0.8990900698301934
    }
  },
  "robustness": {
    "price_bands": {},
    "years": {
      "2024": {
        "A": {
          "n": 107,
          "alpha": 1.3331098977690476,
          "alpha_se": 0.03347880438950231,
          "xmin": 16.0,
          "gini": 0.9528136495302172
        },
        "B": {
          "n": 197,
          "alpha": 1.6957483647193219,
          "alpha_se": 0.08564070355973391,
          "xmin": 206.0,
          "gini": 0.8742512877363219
        },
        "R": {
          "n": 206,
          "alpha": 1.5749365993901008,
          "alpha_se": 0.05248429077021152,
          "xmin": 40.0,
          "gini": 0.8916598455968368
        }
      }
    },
    "alt_B": {
      "broad_or_sr_adv_puz": {
        "n": 1550,
        "alpha": 1.5384210982747841,
        "alpha_se": 0.015216679910477947,
        "xmin": 17.0,
        "gini": 0.8927836744982991
      },
      "adventure_only": {
        "n": 1135,
        "alpha": 1.521545865702921,
        "alpha_se": 0.017561362778016378,
        "xmin": 19.0,
        "gini": 0.894609717413692
      },
      "puzzle_only": {
        "n": 597,
        "alpha": 1.6216771143214468,
        "alpha_se": 0.028954389836889218,
        "xmin": 18.0,
        "gini": 0.8948049355286775
      },
      "A_reference": {
        "n": 284,
        "alpha": 1.374062232870767,
        "alpha_se": 0.024718728120876613,
        "xmin": 28.0,
        "gini": 0.9513629467724631
      }
    },
    "fixed_xmin": {
      "A": {
        "alpha": 1.3955484023873745,
        "alpha_se": 0.03251387839136818,
        "n_tail": 148
      },
      "B": {
        "alpha": 1.5353286232268424,
        "alpha_se": 0.03239956218025688,
        "n_tail": 273
      },
      "R": {
        "alpha": 1.5247727695460491,
        "alpha_se": 0.0359568376917878,
        "n_tail": 213
      }
    }
  },
  "window_sensitivity": {
    "primary_window": "2022-01-01..2025-06-30",
    "extended_window": "2022-01-01..2025-12-31",
    "h2_2025_games": 21,
    "primary": {
      "A": {
        "n": 145,
        "n_full": 186,
        "median": 199.0,
        "geomean": 403.82924460598156,
        "gini": 0.9299907257332005,
        "middle_share": 0.2413793103448276,
        "early_death_rate": 0.22043010752688172,
        "alpha": 1.2837195358688387,
        "alpha_se": 0.0239786772889149
      },
      "B": {
        "n": 732,
        "n_full": 1168,
        "median": 40.5,
        "geomean": 78.84440623234447,
        "gini": 0.9060580630048701,