{
  "tail": {
    "A": {
      "n": 145,
      "alpha": 1.2837195358688387,
      "alpha_se": 0.0239786772889149,
      "xmin": 14.0,
      "n_tail": 140,
      "LR_powerlaw_vs_lognormal": -2.2380770482448176,
      "p_powerlaw_vs_lognormal": 0.025216031097355193,
      "LR_pl_vs_truncated_pl": -8.658165492133529,
      "p_pl_vs_truncated_pl": 3.164554987955537e-05
    },
    "B": {
      "n": 732,
      "alpha": 1.4876244946851371,
      "alpha_se": 0.018577013740159725,
      "xmin": 12.0,
      "n_tail": 689,
      "LR_powerlaw_vs_lognormal": -1.651589969421392,
      "p_powerlaw_vs_lognormal": 0.09861816619330491,
      "LR_pl_vs_truncated_pl": -9.393847514728433,
      "p_pl_vs_truncated_pl": 1.4610674319959216e-05
    },
    "R": {
      "n": 258,
      "alpha": 1.4073024155961944,
      "alpha_se": 0.02640149424012444,
      "xmin": 14.0,
      "n_tail": 238,
      "LR_powerlaw_vs_lognormal": -1.4258406408781863,
      "p_powerlaw_vs_lognormal": 0.1539143468019825,
      "LR_pl_vs_truncated_pl": -5.376775356779159,
      "p_pl_vs_truncated_pl": 0.0010407944001622482
    },
    "alpha_diffs": {
      "A_minus_B": {
        "point": -0.20390495881629844,
        "ci95": [
          -0.25153732765645953,
          0.6602853653348628
        ],
        "n_boot": 500
      },
      "A_minus_R": {
        "point": -0.12358287972735571,
        "ci95": [
          -0.18490271400169964,
          0.7339791692734248
        ],
        "n_boot": 500
      },
      "R_minus_B": {
        "point": -0.08032207908894273,
        "ci95": [
          -0.14722391099870047,
          -0.0006121404616169053
        ],
        "n_boot": 500
      }
    },
    "alpha_diff_A_minus_B": {
      "point": -0.20390495881629844,
      "ci95": [
        -0.25153732765645953,
        0.6602853653348628
      ],
      "n_boot": 500
    }
  },
  "middle": {
    "A": {
      "n": 145,
      "middle_n": 35,
      "middle_share": 0.2413793103448276,
      "dip_stat": 0.02263017152825613,
      "dip_p": 0.9117446168899455
    },
    "B": {
      "n": 732,
      "middle_n": 148,
      "middle_share": 0.20218579234972678,
      "dip_stat": 0.01802230469413948,
      "dip_p": 0.10804068173507275
    },
    "R": {
      "n": 258,
      "middle_n": 67,
      "middle_share": 0.2596899224806202,
      "dip_stat": 0.01744186046511628,
      "dip_p": 0.901972717621652
    },
    "middle_share_tests": {
      "A_vs_B": {
        "chi2": 0.901043994755908,
        "chi2_p": 0.3425019319717663,
        "fisher_odds_ratio": 1.2555282555282554,
        "fisher_p": 0.31394970518168797
      },
      "A_vs_R": {
        "chi2": 0.0820245067435727,
        "chi2_p": 0.774572380697284,
        "fisher_odds_ratio": 0.907055630936228,
        "fisher_p": 0.7214149040082309
      },
      "R_vs_B": {
        "chi2": 3.3798922710090413,
        "chi2_p": 0.06599636867841759,
        "fisher_odds_ratio": 1.3841799915098345,
        "fisher_p": 0.06492471141149864
      }
    },
    "middle_share_test": {
      "chi2": 0.901043994755908,
      "chi2_p": 0.3425019319717663,
      "fisher_odds_ratio": 1.2555282555282554,
      "fisher_p": 0.31394970518168797
    }
  },
  "concentration": {
    "A": {
      "n": 145,
      "median": 199.0,
      "mean": 18116.43448275862,
      "geomean": 403.82924460598156,
      "mean_over_median": 91.03735920984232,
      "gini": 0.9299907257332005,
      "gini_ci": [
        0.8506232779291436,
        0.9528966140952077
      ],
      "top1_share": 0.594875751984386,
      "top1_ci": [
        0.19631575048134442,
        0.7258831193935096
      ],
      "top5_share": 0.8190128757162005,
      "top5_ci": [
        0.5735426205696578,
        0.9132283222193546
      ],
      "n_full": 186,
      "early_death_n": 41,
      "early_death_rate": 0.22043010752688172
    },
    "B": {
      "n": 732,
      "median": 40.5,
      "mean": 1068.6284153005465,
      "geomean": 78.84440623234447,
      "mean_over_median": 26.38588679754436,
      "gini": 0.9060580630048701,
      "gini_ci": [
        0.8863075534171776,
        0.9189095948433177
      ],
      "top1_share": 0.3647211327527754,
      "top1_ci": [
        0.28238983000444834,
        0.43909286077856835
      ],
      "top5_share": 0.7622495001508496,
      "top5_ci": [
        0.6985234420727335,
        0.8106342735110285
      ],
      "n_full": 1168,
      "early_death_n": 436,
      "early_death_rate": 0.3732876712328767
    },
    "R": {
      "n": 258,
      "median": 65.5,
      "mean": 2943.705426356589,
      "geomean": 128.3063239855025,
      "mean_over_median": 44.94206757796319,
      "gini": 0.9203670964325832,
      "gini_ci": [
        0.8809833552895736,
        0.9402195898142115
      ],
      "top1_share": 0.42674817900763157,
      "top1_ci": [
        0.19942815741608955,
        0.5604758877412298
      ],
      "top5_share": 0.770777483422781,
      "top5_ci": [
        0.6286950022082108,
        0.8651466033851936
      ],
      "n_full": 368,
      "early_death_n": 110,
      "early_death_rate": 0.29891304347826086
    },
    "early_death_tests": {
      "A_vs_B": {
        "chi2": 15.766661084945225,
        "p": 7.165409586400906e-05
      },
      "A_vs_R": {
        "chi2": 3.4526724950615777,
        "p": 0.06314958523811437
      },
      "R_vs_B": {
        "chi2": 6.435494225845625,
        "p": 0.01118620292720699
      }
    },
    "early_death_test": {
      "chi2": 15.766661084945225,
      "p": 7.165409586400906e-05
    }
  },
  "robustness": {
    "price_bands": {},
    "years": {},
    "alt_B": {
      "story_rich_only": {
        "n": 293,
        "alpha": 1.3843859005132093,
        "alpha_se": 0.022889847273482884,
        "xmin": 12.0,
        "gini": 0.883562881583546
      },
      "puzzle_only": {
        "n": 283,
        "alpha": 1.5842074853971346,
        "alpha_se": 0.03568615193988112,
        "xmin": 12.0,
        "gini": 0.9175280577749577
      },
      "A_reference": {
        "n": 145,
        "alpha": 1.2837195358688387,
        "alpha_se": 0.0239786772889149,
        "xmin": 14.0,
        "gini": 0.9299907257332005
      }
    }
  },
  "window_sensitivity": {
    "primary_window": "2022-01-01..2025-06-30",
    "extended_window": "2022-01-01..2025-12-31",
    "h2_2025_games": 21,
    "primary": {
      "A": {
        "n": 145,
        "n_full": 186,
        "median": 199.0,
        "geomean": 403.82924460598156,
        "gini": 0.9299907257332005,
        "middle_share": 0.2413793103448276,
        "early_death_rate": 0.22043010752688172,
        "alpha": 1.2837195358688387,
        "alpha_se": 0.0239786772889149
      },
      "B": {
        "n": 732,
        "n_full": 1168,
        "median": 40.5,
        "geomean": 78.84440623234447,
        "gini": 0.9060580630048701,
        "middle_share": 0.20218579234972678,
        "early_death_rate": 0.3732876712328767,
        "alpha": 1.4876244946851371,
        "alpha_se": 0.018577013740159725
      },
      "R": {
        "n": 258,
        "n_full": 368,
        "median": 65.5,
        "geomean": 128.3063239855025,
        "gini": 0.9203670964325832,
        "middle_share": 0.2596899224806202,
        "early_death_rate": 0.29891304347826086,
        "alpha": 1.4073024155961944,
        "alpha_se": 0.02640149424012444
      }
    },
    "extended": {
      "A": {
        "n": 150,
        "n_full": 191,
        "median": 207.0,
        "geomean": 421.73825920680895,
        "gini": 0.9267147550567554,
        "middle_share": 0.24,
        "early_death_rate": 0.21465968586387435,
        "alpha": 1.2804937994392358,
        "alpha_se": 0.023293742170430034
      },
      "B": {
        "n": 739,
        "n_full": 1178,
        "median": 41.0,
        "geomean": 79.63942836070257,
        "gini": 0.9052936362391422,
        "middle_share": 0.20568335588633288,
        "early_death_rate": 0.37266553480475384,
        "alpha": 1.4891972726502662,
        "alpha_se": 0.01920267265876123
      },