{
  "tail": {
    "A": {
      "n": 70,
      "alpha": 1.8112827685529138,
      "alpha_se": 0.16916415111941224,
      "xmin": 12217.0,
      "n_tail": 23,
      "LR_powerlaw_vs_lognormal": -0.23892139649589228,
      "p_powerlaw_vs_lognormal": 0.8111665339576472,
      "LR_pl_vs_truncated_pl": -0.209225098018754,
      "p_pl_vs_truncated_pl": 0.5177113810122677
    },
    "B": {
      "n": 301,
      "alpha": 1.3737608227436586,
      "alpha_se": 0.021543215674269593,
      "xmin": 10.0,
      "n_tail": 301,
      "LR_powerlaw_vs_lognormal": -1.0294206028023152,
      "p_powerlaw_vs_lognormal": 0.3032820717292116,
      "LR_pl_vs_truncated_pl": -8.193676284404134,
      "p_pl_vs_truncated_pl": 5.162857680052202e-05
    },
    "alpha_diff_A_minus_B": {
      "point": 0.4375219458092552,
      "ci95": [
        -0.413504074236915,
        1.230758320150811
      ],
      "n_boot": 500
    }
  },
  "middle": {
    "A": {
      "n": 70,
      "middle_n": 11,
      "middle_share": 0.15714285714285714,
      "dip_stat": 0.06008863801937556,
      "dip_p": 0.04994821512978931
    },
    "B": {
      "n": 301,
      "middle_n": 46,
      "middle_share": 0.15282392026578073,
      "dip_stat": 0.018272425249169437,
      "dip_p": 0.7457295321288518
    },
    "middle_share_test": {
      "chi2": 0.0,
      "chi2_p": 1.0,
      "fisher_odds_ratio": 1.0335298452468682,
      "fisher_p": 1.0
    }
  },
  "concentration": {
    "A": {
      "n": 70,
      "gini": 0.8713114804631149,
      "gini_ci": [
        0.7305375346892556,
        0.908565282741714
      ],
      "top1_share": 0.44360373537353737,
      "top1_ci": [
        0.10757514027810319,
        0.5864836140590433
      ],
      "top5_share": 0.6994435316819353,
      "top5_ci": [
        0.3787416317358347,
        0.836078503575425
      ],
      "n_full": 88,
      "early_death_n": 18,
      "early_death_rate": 0.20454545454545456
    },
    "B": {
      "n": 301,
      "gini": 0.8963058926846734,
      "gini_ci": [
        0.8616790575872539,
        0.9202016738674176
      ],
      "top1_share": 0.3489276020636043,
      "top1_ci": [
        0.1863610033738483,
        0.4611871593919115
      ],
      "top5_share": 0.6702627243844177,
      "top5_ci": [
        0.5524676187183283,
        0.7651038143661403
      ],
      "n_full": 449,
      "early_death_n": 148,
      "early_death_rate": 0.32962138084632514
    },
    "early_death_test": {
      "chi2": 4.820008109691493,
      "p": 0.028131212922622592
    }
  },
  "robustness": {
    "price_bands": {},
    "years": {},
    "alt_B": {
      "story_rich_only": {
        "n": 124,
        "alpha": 1.292352227211266,
        "alpha_se": 0.026254005033239873,
        "xmin": 10.0,
        "gini": 0.8508529220029504
      },
      "puzzle_only": {
        "n": 110,
        "alpha": 1.517539657933883,
        "alpha_se": 0.049571308801343646,
        "xmin": 11.0,
        "gini": 0.9132742047637695
      },
      "A_reference": null
    }
  }
}