{
  "tail": {
    "A": {
      "n": 38,
      "alpha": 1.8112827685529138,
      "alpha_se": 0.16916415111941224,
      "xmin": 12217.0,
      "n_tail": 23,
      "LR_powerlaw_vs_lognormal": -0.23892139649589228,
      "p_powerlaw_vs_lognormal": 0.8111665339576472,
      "LR_pl_vs_truncated_pl": -0.209225098018754,
      "p_pl_vs_truncated_pl": 0.5177113810122677
    },
    "B": {
      "n": 63,
      "alpha": 2.8892636154391367,
      "alpha_se": 0.5049269401622206,
      "xmin": 24444.0,
      "n_tail": 14,
      "LR_powerlaw_vs_lognormal": 0.24264919073922578,
      "p_powerlaw_vs_lognormal": 0.8082771710629575,
      "LR_pl_vs_truncated_pl": -0.006313002545018875,
      "p_pl_vs_truncated_pl": 0.9105336108266413
    },
    "alpha_diff_A_minus_B": {
      "point": -1.0779808468862229,
      "ci95": [
        -1.2348883136390953,
        0.5541024251033532
      ],
      "n_boot": 100
    }
  },
  "middle": {
    "A": {
      "n": 38,
      "middle_n": 0,
      "middle_share": 0.0,
      "dip_stat": 0.04671998441438635,
      "dip_p": 0.7892217489586728
    },
    "B": {
      "n": 63,
      "middle_n": 1,
      "middle_share": 0.015873015873015872,
      "dip_stat": 0.028480265921693313,
      "dip_p": 0.9879045605943143
    },
    "middle_share_test": {
      "chi2": 0.0,
      "chi2_p": 1.0,
      "fisher_odds_ratio": 0.0,
      "fisher_p": 1.0
    }
  },
  "concentration": {
    "A": {
      "n": 38,
      "gini": 0.7735859333822408,
      "gini_ci": [
        0.525789088033411,
        0.8280217992843465
      ],
      "top1_share": 0.4460805320343479,
      "top1_ci": [
        0.10332048477195596,
        0.5624989960009025
      ],
      "top5_share": 0.6054777312907272,
      "top5_ci": [
        0.20376853537863215,
        0.7101189506656701
      ],
      "n_full": 40,
      "early_death_n": 2,
      "early_death_rate": 0.05
    },
    "B": {
      "n": 63,
      "gini": 0.6002292358734181,
      "gini_ci": [
        0.47459678685034956,
        0.6776154037597535
      ],
      "top1_share": 0.1501134623021501,
      "top1_ci": [
        0.05733417904875258,
        0.18362088589793218
      ],
      "top5_share": 0.36489760027230955,
      "top5_ci": [
        0.2006958943007585,
        0.4739010977500993
      ],
      "n_full": 64,
      "early_death_n": 1,
      "early_death_rate": 0.015625
    },
    "early_death_test": {
      "chi2": 0.1737623762376239,
      "p": 0.6767894843051607
    }
  },
  "robustness": {
    "price_bands": {},
    "years": {},
    "alt_B": {
      "A_reference": null
    }
  }
}